/*
 Navicat Premium Data Transfer

 Source Server         : localhost
 Source Server Type    : MySQL
 Source Server Version : 80017
 Source Host           : 127.0.0.1:3306
 Source Schema         : question

 Target Server Type    : MySQL
 Target Server Version : 80017
 File Encoding         : 65001

 Date: 25/09/2019 16:05:14
*/

SET NAMES utf8mb4;
SET FOREIGN_KEY_CHECKS = 0;

-- ----------------------------
-- Table structure for q_question
-- ----------------------------
DROP TABLE IF EXISTS `q_question`;
CREATE TABLE `q_question`  (
  `question_id` int(11) UNSIGNED NOT NULL AUTO_INCREMENT,
  `question_title` varchar(60) CHARACTER SET utf8 COLLATE utf8_general_ci NOT NULL,
  `start_time` int(11) NOT NULL,
  `end_time` int(11) NOT NULL,
  `status` int(11) NOT NULL,
  `created_at` int(11) NULL DEFAULT NULL,
  `created_by` int(11) NULL DEFAULT NULL,
  `updated_at` int(11) NULL DEFAULT NULL,
  `updated_by` int(11) NULL DEFAULT NULL,
  PRIMARY KEY (`question_id`) USING BTREE
) ENGINE = InnoDB AUTO_INCREMENT = 2 CHARACTER SET = utf8 COLLATE = utf8_general_ci ROW_FORMAT = Dynamic;

-- ----------------------------
-- Records of q_question
-- ----------------------------
INSERT INTO `q_question` VALUES (1, '饮食爱好调查', 1521475200, 1610496000, 1, 1521808394, 1, 1566806408, 1);
INSERT INTO `q_question` VALUES (2, '兴趣爱好调查', 1521763200, 1644969600, 1, 1521808703, 1, 1566806403, 1);

-- ----------------------------
-- Table structure for q_question_collect
-- ----------------------------
DROP TABLE IF EXISTS `q_question_collect`;
CREATE TABLE `q_question_collect`  (
  `question_collect_id` int(11) UNSIGNED NOT NULL AUTO_INCREMENT,
  `question_id` int(11) NOT NULL,
  `ip_address` varchar(255) CHARACTER SET utf8 COLLATE utf8_general_ci NOT NULL,
  `created_at` int(11) NOT NULL,
  PRIMARY KEY (`question_collect_id`) USING BTREE
) ENGINE = InnoDB AUTO_INCREMENT = 2 CHARACTER SET = utf8 COLLATE = utf8_general_ci ROW_FORMAT = Dynamic;

-- ----------------------------
-- Records of q_question_collect
-- ----------------------------
INSERT INTO `q_question_collect` VALUES (1, 1, '10.0.19.132', 1522070728);
INSERT INTO `q_question_collect` VALUES (2, 1, '127.0.0.1', 1566806420);

-- ----------------------------
-- Table structure for q_question_collect_detail
-- ----------------------------
DROP TABLE IF EXISTS `q_question_collect_detail`;
CREATE TABLE `q_question_collect_detail`  (
  `question_collect_detail_id` int(11) UNSIGNED NOT NULL AUTO_INCREMENT,
  `question_collect_id` int(11) NOT NULL,
  `question_id` int(11) NOT NULL,
  `question_item_id` int(11) NOT NULL,
  `question_item_option_id` int(11) NOT NULL,
  PRIMARY KEY (`question_collect_detail_id`) USING BTREE
) ENGINE = InnoDB AUTO_INCREMENT = 7 CHARACTER SET = utf8 COLLATE = utf8_general_ci ROW_FORMAT = Dynamic;

-- ----------------------------
-- Records of q_question_collect_detail
-- ----------------------------
INSERT INTO `q_question_collect_detail` VALUES (1, 1, 1, 1, 2);
INSERT INTO `q_question_collect_detail` VALUES (2, 1, 1, 2, 4);
INSERT INTO `q_question_collect_detail` VALUES (3, 1, 1, 5, 12);
INSERT INTO `q_question_collect_detail` VALUES (4, 2, 1, 1, 1);
INSERT INTO `q_question_collect_detail` VALUES (5, 2, 1, 1, 2);
INSERT INTO `q_question_collect_detail` VALUES (6, 2, 1, 2, 5);
INSERT INTO `q_question_collect_detail` VALUES (7, 2, 1, 5, 11);

-- ----------------------------
-- Table structure for q_question_item
-- ----------------------------
DROP TABLE IF EXISTS `q_question_item`;
CREATE TABLE `q_question_item`  (
  `question_item_id` int(11) UNSIGNED NOT NULL AUTO_INCREMENT,
  `question_id` int(11) NOT NULL,
  `question_item_title` varchar(100) CHARACTER SET utf8 COLLATE utf8_general_ci NOT NULL,
  `is_multiple` tinyint(1) NULL DEFAULT NULL,
  PRIMARY KEY (`question_item_id`) USING BTREE
) ENGINE = InnoDB AUTO_INCREMENT = 5 CHARACTER SET = utf8 COLLATE = utf8_general_ci ROW_FORMAT = Dynamic;

-- ----------------------------
-- Records of q_question_item
-- ----------------------------
INSERT INTO `q_question_item` VALUES (1, 1, '以下水果你喜欢那些？', 1);
INSERT INTO `q_question_item` VALUES (2, 1, '以下蔬菜你喜欢那些？', 1);
INSERT INTO `q_question_item` VALUES (3, 2, '你偏向于喜欢哪个手机品牌 ？', 1);
INSERT INTO `q_question_item` VALUES (4, 2, '你的性别？', 0);
INSERT INTO `q_question_item` VALUES (5, 1, '你的性别？', 0);

-- ----------------------------
-- Table structure for q_question_item_option
-- ----------------------------
DROP TABLE IF EXISTS `q_question_item_option`;
CREATE TABLE `q_question_item_option`  (
  `question_item_option_id` int(11) NOT NULL AUTO_INCREMENT,
  `question_id` int(11) NULL DEFAULT NULL,
  `question_item_id` int(11) NULL DEFAULT NULL,
  `value` varchar(255) CHARACTER SET utf8 COLLATE utf8_general_ci NULL DEFAULT NULL,
  PRIMARY KEY (`question_item_option_id`) USING BTREE
) ENGINE = InnoDB AUTO_INCREMENT = 12 CHARACTER SET = utf8 COLLATE = utf8_general_ci ROW_FORMAT = Dynamic;

-- ----------------------------
-- Records of q_question_item_option
-- ----------------------------
INSERT INTO `q_question_item_option` VALUES (1, 1, 1, '苹果');
INSERT INTO `q_question_item_option` VALUES (2, 1, 1, '橘子');
INSERT INTO `q_question_item_option` VALUES (3, 1, 2, '白菜');
INSERT INTO `q_question_item_option` VALUES (4, 1, 2, '菜心');
INSERT INTO `q_question_item_option` VALUES (5, 1, 2, '红薯叶');
INSERT INTO `q_question_item_option` VALUES (6, 2, 3, '苹果');
INSERT INTO `q_question_item_option` VALUES (7, 2, 3, '三星');
INSERT INTO `q_question_item_option` VALUES (8, 2, 3, '小米');
INSERT INTO `q_question_item_option` VALUES (9, 2, 4, '男♂');
INSERT INTO `q_question_item_option` VALUES (10, 2, 4, '女♀');
INSERT INTO `q_question_item_option` VALUES (11, 1, 5, '男♂');
INSERT INTO `q_question_item_option` VALUES (12, 1, 5, '女♀');

-- ----------------------------
-- Table structure for q_sessions
-- ----------------------------
DROP TABLE IF EXISTS `q_sessions`;
CREATE TABLE `q_sessions`  (
  `id` varchar(128) CHARACTER SET utf8 COLLATE utf8_unicode_ci NOT NULL,
  `ip_address` varchar(45) CHARACTER SET utf8 COLLATE utf8_unicode_ci NOT NULL,
  `timestamp` int(10) UNSIGNED NOT NULL DEFAULT 0,
  `data` blob NOT NULL,
  INDEX `ci_sessions_timestamp`(`timestamp`) USING BTREE
) ENGINE = InnoDB CHARACTER SET = utf8 COLLATE = utf8_unicode_ci ROW_FORMAT = Dynamic;

-- ----------------------------
-- Records of q_sessions
-- ----------------------------
INSERT INTO `q_sessions` VALUES ('66cb8trqct18471sfok566jdt10uiots', '127.0.0.1', 1521961318, 0x5F5F63695F6C6173745F726567656E65726174657C693A313532313936313331383B);
INSERT INTO `q_sessions` VALUES ('j7604m9fd08531a304fo5qh9ebr70svh', '10.0.19.132', 1521961684, 0x5F5F63695F6C6173745F726567656E65726174657C693A313532313936313331383B7379735F757365727C4F3A383A22737464436C617373223A31303A7B733A31313A227379735F757365725F6964223B733A313A2231223B733A393A22757365725F6E616D65223B733A353A2261646D696E223B733A383A2270617373776F7264223B733A34303A2233366135313631363337623061363461363138343833323637383034333136323636656234656433223B733A31313A227379735F726F6C655F6964223B733A313A2231223B733A363A22737461747573223B733A313A2231223B733A31303A22637265617465645F6174223B733A313A2231223B733A31303A22757064617465645F6174223B733A31303A2231353231383831373433223B733A31303A22637265617465645F6279223B733A313A2231223B733A31303A22757064617465645F6279223B733A313A2232223B733A31383A227379735F7065726D697373696F6E5F696473223B733A3133343A22313030302C313032302C313032312C313032322C313032332C313032342C313032352C313033302C313033312C313033322C313033332C313033342C313033352C323030302C323031302C323032302C323032312C323032322C323032332C323032342C323032352C323032362C323033302C323033312C323033322C323033332C32303334223B7D7379735F7065726D697373696F6E737C733A383337313A225B7B227379735F7065726D697373696F6E5F6964223A2231222C227065726D697373696F6E5F6E616D65223A2241646D696E222C227065726D697373696F6E5F636F6465223A2261646D696E222C227065726D697373696F6E5F74797065223A22636F6E74726F6C6C6572222C227065726D697373696F6E5F64657363223A2261646D696E20636F6E74726F6C6C6572222C22737461747573223A2231222C227065726D697373696F6E5F76616C7565223A2231222C22706172656E745F6964223A2230222C22637265617465645F6174223A2230222C22637265617465645F6279223A2230222C22757064617465645F6174223A2230222C22757064617465645F6279223A2230227D2C7B227379735F7065726D697373696F6E5F6964223A2231303030222C227065726D697373696F6E5F6E616D65223A225C75376366625C75376564665C75376261315C7537343036222C227065726D697373696F6E5F636F6465223A2273797374656D222C227065726D697373696F6E5F74797065223A22636F6E74726F6C6C6572222C227065726D697373696F6E5F64657363223A225C75376366625C75376564665C75376261315C75373430365C75363361375C75353233365C7535363638222C22737461747573223A2231222C227065726D697373696F6E5F76616C7565223A2231222C22706172656E745F6964223A2230222C22637265617465645F6174223A2230222C22637265617465645F6279223A2230222C22757064617465645F6174223A2230222C22757064617465645F6279223A2230227D2C7B227379735F7065726D697373696F6E5F6964223A2231303230222C227065726D697373696F6E5F6E616D65223A225C75376366625C75376564665C75383964325C75383237325C75376261315C7537343036222C227065726D697373696F6E5F636F6465223A227379735F726F6C65222C227065726D697373696F6E5F74797065223A2266756E6374696F6E222C227065726D697373696F6E5F64657363223A225C75393837355C7539373632222C22737461747573223A2231222C227065726D697373696F6E5F76616C7565223A2231222C22706172656E745F6964223A2231303030222C22637265617465645F6174223A2230222C22637265617465645F6279223A2230222C22757064617465645F6174223A2230222C22757064617465645F6279223A2230227D2C7B227379735F7065726D697373696F6E5F6964223A2231303231222C227065726D697373696F6E5F6E616D65223A225C75383362375C75353364365C75376366625C75376564665C75383964325C75383237325C75353231375C75383836385C75363537305C7536333665222C227065726D697373696F6E5F636F6465223A226765745F7379735F726F6C65222C227065726D697373696F6E5F74797065223A2266756E6374696F6E222C227065726D697373696F6E5F64657363223A22676574222C22737461747573223A2231222C227065726D697373696F6E5F76616C7565223A2231222C22706172656E745F6964223A2231303230222C22637265617465645F6174223A2230222C22637265617465645F6279223A2230222C22757064617465645F6174223A2230222C22757064617465645F6279223A2230227D2C7B227379735F7065726D697373696F6E5F6964223A2231303232222C227065726D697373696F6E5F6E616D65223A225C75363463645C75346635635C75376366625C75376564665C75383964325C7538323732222C227065726D697373696F6E5F636F6465223A22736176655F7379735F726F6C65222C227065726D697373696F6E5F74797065223A2266756E6374696F6E222C227065726D697373696F6E5F64657363223A22616374696F6E222C22737461747573223A2231222C227065726D697373696F6E5F76616C7565223A2231222C22706172656E745F6964223A2231303230222C22637265617465645F6174223A2230222C22637265617465645F6279223A2230222C22757064617465645F6174223A2230222C22757064617465645F6279223A2230227D2C7B227379735F7065726D697373696F6E5F6964223A2231303233222C227065726D697373696F6E5F6E616D65223A225C75363562305C75353839655C75376366625C75376564665C75383964325C7538323732222C227065726D697373696F6E5F636F6465223A22616464222C227065726D697373696F6E5F74797065223A22616374696F6E222C227065726D697373696F6E5F64657363223A22616464222C22737461747573223A2231222C227065726D697373696F6E5F76616C7565223A2231222C22706172656E745F6964223A2231303232222C22637265617465645F6174223A2230222C22637265617465645F6279223A2230222C22757064617465645F6174223A2230222C22757064617465645F6279223A2230227D2C7B227379735F7065726D697373696F6E5F6964223A2231303234222C227065726D697373696F6E5F6E616D65223A225C75346665655C75363533395C75376366625C75376564665C75383964325C7538323732222C227065726D697373696F6E5F636F6465223A2265646974222C227065726D697373696F6E5F74797065223A22616374696F6E222C227065726D697373696F6E5F64657363223A2265646974222C22737461747573223A2231222C227065726D697373696F6E5F76616C7565223A2231222C22706172656E745F6964223A2231303232222C22637265617465645F6174223A2230222C22637265617465645F6279223A2230222C22757064617465645F6174223A2230222C22757064617465645F6279223A2230227D2C7B227379735F7065726D697373696F6E5F6964223A2231303235222C227065726D697373696F6E5F6E616D65223A225C75353232305C75393636345C75376366625C75376564665C75383964325C7538323732222C227065726D697373696F6E5F636F6465223A2264656C222C227065726D697373696F6E5F74797065223A22616374696F6E222C227065726D697373696F6E5F64657363223A2264656C222C22737461747573223A2231222C227065726D697373696F6E5F76616C7565223A2231222C22706172656E745F6964223A2231303232222C22637265617465645F6174223A2230222C22637265617465645F6279223A2230222C22757064617465645F6174223A2230222C22757064617465645F6279223A2230227D2C7B227379735F7065726D697373696F6E5F6964223A2231303330222C227065726D697373696F6E5F6E616D65223A225C75376366625C75376564665C75373532385C75363233375C75376261315C7537343036222C227065726D697373696F6E5F636F6465223A227379735F75736572222C227065726D697373696F6E5F74797065223A2266756E6374696F6E222C227065726D697373696F6E5F64657363223A225C75393837355C7539373632222C22737461747573223A2231222C227065726D697373696F6E5F76616C7565223A2231222C22706172656E745F6964223A2231303030222C22637265617465645F6174223A2230222C22637265617465645F6279223A2230222C22757064617465645F6174223A2230222C22757064617465645F6279223A2230227D2C7B227379735F7065726D697373696F6E5F6964223A2231303331222C227065726D697373696F6E5F6E616D65223A225C75383362375C75353364365C75376366625C75376564665C75373532385C75363233375C75353231375C75383836385C75363537305C7536333665222C227065726D697373696F6E5F636F6465223A226765745F7379735F75736572222C227065726D697373696F6E5F74797065223A2266756E6374696F6E222C227065726D697373696F6E5F64657363223A22676574222C22737461747573223A2231222C227065726D697373696F6E5F76616C7565223A2231222C22706172656E745F6964223A2231303330222C22637265617465645F6174223A2230222C22637265617465645F6279223A2230222C22757064617465645F6174223A2230222C22757064617465645F6279223A2230227D2C7B227379735F7065726D697373696F6E5F6964223A2231303332222C227065726D697373696F6E5F6E616D65223A225C75363463645C75346635635C75376366625C75376564665C75373532385C7536323337222C227065726D697373696F6E5F636F6465223A22736176655F7379735F75736572222C227065726D697373696F6E5F74797065223A2266756E6374696F6E222C227065726D697373696F6E5F64657363223A22616374696F6E222C22737461747573223A2231222C227065726D697373696F6E5F76616C7565223A2231222C22706172656E745F6964223A2231303330222C22637265617465645F6174223A2230222C22637265617465645F6279223A2230222C22757064617465645F6174223A2230222C22757064617465645F6279223A2230227D2C7B227379735F7065726D697373696F6E5F6964223A2231303333222C227065726D697373696F6E5F6E616D65223A225C75363562305C75353839655C75376366625C75376564665C75373532385C7536323337222C227065726D697373696F6E5F636F6465223A22616464222C227065726D697373696F6E5F74797065223A22616374696F6E222C227065726D697373696F6E5F64657363223A22616464222C22737461747573223A2231222C227065726D697373696F6E5F76616C7565223A2231222C22706172656E745F6964223A2231303332222C22637265617465645F6174223A2230222C22637265617465645F6279223A2230222C22757064617465645F6174223A2230222C22757064617465645F6279223A2230227D2C7B227379735F7065726D697373696F6E5F6964223A2231303334222C227065726D697373696F6E5F6E616D65223A225C75346665655C75363533395C75376366625C75376564665C75373532385C7536323337222C227065726D697373696F6E5F636F6465223A2265646974222C227065726D697373696F6E5F74797065223A22616374696F6E222C227065726D697373696F6E5F64657363223A2265646974222C22737461747573223A2231222C227065726D697373696F6E5F76616C7565223A2231222C22706172656E745F6964223A2231303332222C22637265617465645F6174223A2230222C22637265617465645F6279223A2230222C22757064617465645F6174223A2230222C22757064617465645F6279223A2230227D2C7B227379735F7065726D697373696F6E5F6964223A2231303335222C227065726D697373696F6E5F6E616D65223A225C75353232305C75393636345C75376366625C75376564665C75373532385C7536323337222C227065726D697373696F6E5F636F6465223A2264656C222C227065726D697373696F6E5F74797065223A22616374696F6E222C227065726D697373696F6E5F64657363223A2264656C222C22737461747573223A2231222C227065726D697373696F6E5F76616C7565223A2231222C22706172656E745F6964223A2231303332222C22637265617465645F6174223A2230222C22637265617465645F6279223A2230222C22757064617465645F6174223A2230222C22757064617465645F6279223A2230227D2C7B227379735F7065726D697373696F6E5F6964223A2232303030222C227065726D697373696F6E5F6E616D65223A225C75353239665C75383066645C75376261315C7537343036222C227065726D697373696F6E5F636F6465223A226665617475726573222C227065726D697373696F6E5F74797065223A22636F6E74726F6C6C6572222C227065726D697373696F6E5F64657363223A225C75353239665C75383066645C75376261315C75373430365C75363361375C75353233365C7535363638222C22737461747573223A2231222C227065726D697373696F6E5F76616C7565223A2231222C22706172656E745F6964223A2230222C22637265617465645F6174223A2230222C22637265617465645F6279223A2230222C22757064617465645F6174223A2230222C22757064617465645F6279223A2230227D2C7B227379735F7065726D697373696F6E5F6964223A2232303130222C227065726D697373696F6E5F6E616D65223A225C75393565655C75353337375C75376261315C7537343036222C227065726D697373696F6E5F636F6465223A22222C227065726D697373696F6E5F74797065223A22222C227065726D697373696F6E5F64657363223A225C75346538635C75376561375C75383364635C75353335355C75346563355C75353035615C75363633655C7537393361222C22737461747573223A2231222C227065726D697373696F6E5F76616C7565223A2231222C22706172656E745F6964223A2232303030222C22637265617465645F6174223A2230222C22637265617465645F6279223A2230222C22757064617465645F6174223A2230222C22757064617465645F6279223A2230227D2C7B227379735F7065726D697373696F6E5F6964223A2232303230222C227065726D697373696F6E5F6E616D65223A225C75393565655C75353337375C75353231375C75383836385C75376261315C7537343036222C227065726D697373696F6E5F636F6465223A227175657374696F6E222C227065726D697373696F6E5F74797065223A2266756E6374696F6E222C227065726D697373696F6E5F64657363223A225C75393837355C7539373632222C22737461747573223A2231222C227065726D697373696F6E5F76616C7565223A2231222C22706172656E745F6964223A2232303130222C22637265617465645F6174223A2230222C22637265617465645F6279223A2230222C22757064617465645F6174223A2230222C22757064617465645F6279223A2230227D2C7B227379735F7065726D697373696F6E5F6964223A2232303231222C227065726D697373696F6E5F6E616D65223A225C75383362375C75353364365C75393565655C75353337375C75353231375C75383836385C75363537305C7536333665222C227065726D697373696F6E5F636F6465223A226765745F7175657374696F6E222C227065726D697373696F6E5F74797065223A2266756E6374696F6E222C227065726D697373696F6E5F64657363223A22676574222C22737461747573223A2231222C227065726D697373696F6E5F76616C7565223A2231222C22706172656E745F6964223A2232303230222C22637265617465645F6174223A2230222C22637265617465645F6279223A2230222C22757064617465645F6174223A2230222C22757064617465645F6279223A2230227D2C7B227379735F7065726D697373696F6E5F6964223A2232303232222C227065726D697373696F6E5F6E616D65223A225C75363463645C75346635635C75393565655C7535333737222C227065726D697373696F6E5F636F6465223A22736176655F7175657374696F6E222C227065726D697373696F6E5F74797065223A2266756E6374696F6E222C227065726D697373696F6E5F64657363223A22616374696F6E222C22737461747573223A2231222C227065726D697373696F6E5F76616C7565223A2231222C22706172656E745F6964223A2232303230222C22637265617465645F6174223A2230222C22637265617465645F6279223A2230222C22757064617465645F6174223A2230222C22757064617465645F6279223A2230227D2C7B227379735F7065726D697373696F6E5F6964223A2232303233222C227065726D697373696F6E5F6E616D65223A225C75363765355C75373730625C75393565655C75353337375C75363364305C75346561345C75376564665C7538626131222C227065726D697373696F6E5F636F6465223A226765745F7175657374696F6E5F64657461696C222C227065726D697373696F6E5F74797065223A2266756E6374696F6E222C227065726D697373696F6E5F64657363223A226765742064657461696C222C22737461747573223A2231222C227065726D697373696F6E5F76616C7565223A2231222C22706172656E745F6964223A2232303232222C22637265617465645F6174223A2230222C22637265617465645F6279223A2230222C22757064617465645F6174223A2230222C22757064617465645F6279223A2230227D2C7B227379735F7065726D697373696F6E5F6964223A2232303234222C227065726D697373696F6E5F6E616D65223A225C75363562305C75353839655C75393565655C7535333737222C227065726D697373696F6E5F636F6465223A22616464222C227065726D697373696F6E5F74797065223A22616374696F6E222C227065726D697373696F6E5F64657363223A22616464222C22737461747573223A2231222C227065726D697373696F6E5F76616C7565223A2231222C22706172656E745F6964223A2232303232222C22637265617465645F6174223A2230222C22637265617465645F6279223A2230222C22757064617465645F6174223A2230222C22757064617465645F6279223A2230227D2C7B227379735F7065726D697373696F6E5F6964223A2232303235222C227065726D697373696F6E5F6E616D65223A225C75346665655C75363533395C75393565655C7535333737222C227065726D697373696F6E5F636F6465223A2265646974222C227065726D697373696F6E5F74797065223A22616374696F6E222C227065726D697373696F6E5F64657363223A2265646974222C22737461747573223A2231222C227065726D697373696F6E5F76616C7565223A2231222C22706172656E745F6964223A2232303232222C22637265617465645F6174223A2230222C22637265617465645F6279223A2230222C22757064617465645F6174223A2230222C22757064617465645F6279223A2230227D2C7B227379735F7065726D697373696F6E5F6964223A2232303236222C227065726D697373696F6E5F6E616D65223A225C75353232305C75393636345C75393565655C7535333737222C227065726D697373696F6E5F636F6465223A2264656C222C227065726D697373696F6E5F74797065223A22616374696F6E222C227065726D697373696F6E5F64657363223A2264656C222C22737461747573223A2231222C227065726D697373696F6E5F76616C7565223A2231222C22706172656E745F6964223A2232303232222C22637265617465645F6174223A2230222C22637265617465645F6279223A2230222C22757064617465645F6174223A2230222C22757064617465645F6279223A2230227D2C7B227379735F7065726D697373696F6E5F6964223A2232303330222C227065726D697373696F6E5F6E616D65223A225C75393565655C75353337375C75363364305C75346561345C75353231375C75383836385C75376261315C7537343036222C227065726D697373696F6E5F636F6465223A227175657374696F6E5F636F6C6C656374222C227065726D697373696F6E5F74797065223A2266756E6374696F6E222C227065726D697373696F6E5F64657363223A225C75393837355C7539373632222C22737461747573223A2231222C227065726D697373696F6E5F76616C7565223A2231222C22706172656E745F6964223A2232303130222C22637265617465645F6174223A2230222C22637265617465645F6279223A2230222C22757064617465645F6174223A2230222C22757064617465645F6279223A2230227D2C7B227379735F7065726D697373696F6E5F6964223A2232303331222C227065726D697373696F6E5F6E616D65223A225C75383362375C75353364365C75393565655C75353337375C75363364305C75346561345C75353231375C75383836385C75363537305C7536333665222C227065726D697373696F6E5F636F6465223A226765745F7175657374696F6E5F636F6C6C656374222C227065726D697373696F6E5F74797065223A2266756E6374696F6E222C227065726D697373696F6E5F64657363223A22676574222C22737461747573223A2231222C227065726D697373696F6E5F76616C7565223A2231222C22706172656E745F6964223A2232303330222C22637265617465645F6174223A2230222C22637265617465645F6279223A2230222C22757064617465645F6174223A2230222C22757064617465645F6279223A2230227D2C7B227379735F7065726D697373696F6E5F6964223A2232303332222C227065726D697373696F6E5F6E616D65223A225C75363463645C75346635635C75393565655C75353337375C75363364305C7534656134222C227065726D697373696F6E5F636F6465223A22736176655F7175657374696F6E5F636F6C6C656374222C227065726D697373696F6E5F74797065223A2266756E6374696F6E222C227065726D697373696F6E5F64657363223A22616374696F6E222C22737461747573223A2231222C227065726D697373696F6E5F76616C7565223A2231222C22706172656E745F6964223A2232303330222C22637265617465645F6174223A2230222C22637265617465645F6279223A2230222C22757064617465645F6174223A2230222C22757064617465645F6279223A2230227D2C7B227379735F7065726D697373696F6E5F6964223A2232303333222C227065726D697373696F6E5F6E616D65223A225C75363765355C75373730625C75393565655C75353337375C75363364305C75346561345C75386265365C7536306335222C227065726D697373696F6E5F636F6465223A226765745F7175657374696F6E5F64657461696C5F616E645F7175657374696F6E5F636F6C6C6563745F64657461696C222C227065726D697373696F6E5F74797065223A2266756E6374696F6E222C227065726D697373696F6E5F64657363223A226765742064657461696C222C22737461747573223A2231222C227065726D697373696F6E5F76616C7565223A2231222C22706172656E745F6964223A2232303332222C22637265617465645F6174223A2230222C22637265617465645F6279223A2230222C22757064617465645F6174223A2230222C22757064617465645F6279223A2230227D2C7B227379735F7065726D697373696F6E5F6964223A2232303334222C227065726D697373696F6E5F6E616D65223A225C75353232305C75393636345C75393565655C75353337375C75363364305C7534656134222C227065726D697373696F6E5F636F6465223A2264656C222C227065726D697373696F6E5F74797065223A22616374696F6E222C227065726D697373696F6E5F64657363223A2264656C222C22737461747573223A2231222C227065726D697373696F6E5F76616C7565223A2231222C22706172656E745F6964223A2232303332222C22637265617465645F6174223A2230222C22637265617465645F6279223A2230222C22757064617465645F6174223A2230222C22757064617465645F6279223A2230227D5D223B);
INSERT INTO `q_sessions` VALUES ('houdnvubqlc2uhviq19bmp1hdel20k8e', '127.0.0.1', 1522043570, 0x5F5F63695F6C6173745F726567656E65726174657C693A313532323034333537303B);
INSERT INTO `q_sessions` VALUES ('1ogc0hp3bk0jqii7de9jt8m3l4geckah', '10.0.19.132', 1522043664, 0x5F5F63695F6C6173745F726567656E65726174657C693A313532323034333537303B7379735F757365727C4F3A383A22737464436C617373223A31303A7B733A31313A227379735F757365725F6964223B733A313A2231223B733A393A22757365725F6E616D65223B733A353A2261646D696E223B733A383A2270617373776F7264223B733A34303A2233366135313631363337623061363461363138343833323637383034333136323636656234656433223B733A31313A227379735F726F6C655F6964223B733A313A2231223B733A363A22737461747573223B733A313A2231223B733A31303A22637265617465645F6174223B733A313A2231223B733A31303A22757064617465645F6174223B733A31303A2231353231383831373433223B733A31303A22637265617465645F6279223B733A313A2231223B733A31303A22757064617465645F6279223B733A313A2232223B733A31383A227379735F7065726D697373696F6E5F696473223B733A3133343A22313030302C313032302C313032312C313032322C313032332C313032342C313032352C313033302C313033312C313033322C313033332C313033342C313033352C323030302C323031302C323032302C323032312C323032322C323032332C323032342C323032352C323032362C323033302C323033312C323033322C323033332C32303334223B7D7379735F7065726D697373696F6E737C733A383337313A225B7B227379735F7065726D697373696F6E5F6964223A2231222C227065726D697373696F6E5F6E616D65223A2241646D696E222C227065726D697373696F6E5F636F6465223A2261646D696E222C227065726D697373696F6E5F74797065223A22636F6E74726F6C6C6572222C227065726D697373696F6E5F64657363223A2261646D696E20636F6E74726F6C6C6572222C22737461747573223A2231222C227065726D697373696F6E5F76616C7565223A2231222C22706172656E745F6964223A2230222C22637265617465645F6174223A2230222C22637265617465645F6279223A2230222C22757064617465645F6174223A2230222C22757064617465645F6279223A2230227D2C7B227379735F7065726D697373696F6E5F6964223A2231303030222C227065726D697373696F6E5F6E616D65223A225C75376366625C75376564665C75376261315C7537343036222C227065726D697373696F6E5F636F6465223A2273797374656D222C227065726D697373696F6E5F74797065223A22636F6E74726F6C6C6572222C227065726D697373696F6E5F64657363223A225C75376366625C75376564665C75376261315C75373430365C75363361375C75353233365C7535363638222C22737461747573223A2231222C227065726D697373696F6E5F76616C7565223A2231222C22706172656E745F6964223A2230222C22637265617465645F6174223A2230222C22637265617465645F6279223A2230222C22757064617465645F6174223A2230222C22757064617465645F6279223A2230227D2C7B227379735F7065726D697373696F6E5F6964223A2231303230222C227065726D697373696F6E5F6E616D65223A225C75376366625C75376564665C75383964325C75383237325C75376261315C7537343036222C227065726D697373696F6E5F636F6465223A227379735F726F6C65222C227065726D697373696F6E5F74797065223A2266756E6374696F6E222C227065726D697373696F6E5F64657363223A225C75393837355C7539373632222C22737461747573223A2231222C227065726D697373696F6E5F76616C7565223A2231222C22706172656E745F6964223A2231303030222C22637265617465645F6174223A2230222C22637265617465645F6279223A2230222C22757064617465645F6174223A2230222C22757064617465645F6279223A2230227D2C7B227379735F7065726D697373696F6E5F6964223A2231303231222C227065726D697373696F6E5F6E616D65223A225C75383362375C75353364365C75376366625C75376564665C75383964325C75383237325C75353231375C75383836385C75363537305C7536333665222C227065726D697373696F6E5F636F6465223A226765745F7379735F726F6C65222C227065726D697373696F6E5F74797065223A2266756E6374696F6E222C227065726D697373696F6E5F64657363223A22676574222C22737461747573223A2231222C227065726D697373696F6E5F76616C7565223A2231222C22706172656E745F6964223A2231303230222C22637265617465645F6174223A2230222C22637265617465645F6279223A2230222C22757064617465645F6174223A2230222C22757064617465645F6279223A2230227D2C7B227379735F7065726D697373696F6E5F6964223A2231303232222C227065726D697373696F6E5F6E616D65223A225C75363463645C75346635635C75376366625C75376564665C75383964325C7538323732222C227065726D697373696F6E5F636F6465223A22736176655F7379735F726F6C65222C227065726D697373696F6E5F74797065223A2266756E6374696F6E222C227065726D697373696F6E5F64657363223A22616374696F6E222C22737461747573223A2231222C227065726D697373696F6E5F76616C7565223A2231222C22706172656E745F6964223A2231303230222C22637265617465645F6174223A2230222C22637265617465645F6279223A2230222C22757064617465645F6174223A2230222C22757064617465645F6279223A2230227D2C7B227379735F7065726D697373696F6E5F6964223A2231303233222C227065726D697373696F6E5F6E616D65223A225C75363562305C75353839655C75376366625C75376564665C75383964325C7538323732222C227065726D697373696F6E5F636F6465223A22616464222C227065726D697373696F6E5F74797065223A22616374696F6E222C227065726D697373696F6E5F64657363223A22616464222C22737461747573223A2231222C227065726D697373696F6E5F76616C7565223A2231222C22706172656E745F6964223A2231303232222C22637265617465645F6174223A2230222C22637265617465645F6279223A2230222C22757064617465645F6174223A2230222C22757064617465645F6279223A2230227D2C7B227379735F7065726D697373696F6E5F6964223A2231303234222C227065726D697373696F6E5F6E616D65223A225C75346665655C75363533395C75376366625C75376564665C75383964325C7538323732222C227065726D697373696F6E5F636F6465223A2265646974222C227065726D697373696F6E5F74797065223A22616374696F6E222C227065726D697373696F6E5F64657363223A2265646974222C22737461747573223A2231222C227065726D697373696F6E5F76616C7565223A2231222C22706172656E745F6964223A2231303232222C22637265617465645F6174223A2230222C22637265617465645F6279223A2230222C22757064617465645F6174223A2230222C22757064617465645F6279223A2230227D2C7B227379735F7065726D697373696F6E5F6964223A2231303235222C227065726D697373696F6E5F6E616D65223A225C75353232305C75393636345C75376366625C75376564665C75383964325C7538323732222C227065726D697373696F6E5F636F6465223A2264656C222C227065726D697373696F6E5F74797065223A22616374696F6E222C227065726D697373696F6E5F64657363223A2264656C222C22737461747573223A2231222C227065726D697373696F6E5F76616C7565223A2231222C22706172656E745F6964223A2231303232222C22637265617465645F6174223A2230222C22637265617465645F6279223A2230222C22757064617465645F6174223A2230222C22757064617465645F6279223A2230227D2C7B227379735F7065726D697373696F6E5F6964223A2231303330222C227065726D697373696F6E5F6E616D65223A225C75376366625C75376564665C75373532385C75363233375C75376261315C7537343036222C227065726D697373696F6E5F636F6465223A227379735F75736572222C227065726D697373696F6E5F74797065223A2266756E6374696F6E222C227065726D697373696F6E5F64657363223A225C75393837355C7539373632222C22737461747573223A2231222C227065726D697373696F6E5F76616C7565223A2231222C22706172656E745F6964223A2231303030222C22637265617465645F6174223A2230222C22637265617465645F6279223A2230222C22757064617465645F6174223A2230222C22757064617465645F6279223A2230227D2C7B227379735F7065726D697373696F6E5F6964223A2231303331222C227065726D697373696F6E5F6E616D65223A225C75383362375C75353364365C75376366625C75376564665C75373532385C75363233375C75353231375C75383836385C75363537305C7536333665222C227065726D697373696F6E5F636F6465223A226765745F7379735F75736572222C227065726D697373696F6E5F74797065223A2266756E6374696F6E222C227065726D697373696F6E5F64657363223A22676574222C22737461747573223A2231222C227065726D697373696F6E5F76616C7565223A2231222C22706172656E745F6964223A2231303330222C22637265617465645F6174223A2230222C22637265617465645F6279223A2230222C22757064617465645F6174223A2230222C22757064617465645F6279223A2230227D2C7B227379735F7065726D697373696F6E5F6964223A2231303332222C227065726D697373696F6E5F6E616D65223A225C75363463645C75346635635C75376366625C75376564665C75373532385C7536323337222C227065726D697373696F6E5F636F6465223A22736176655F7379735F75736572222C227065726D697373696F6E5F74797065223A2266756E6374696F6E222C227065726D697373696F6E5F64657363223A22616374696F6E222C22737461747573223A2231222C227065726D697373696F6E5F76616C7565223A2231222C22706172656E745F6964223A2231303330222C22637265617465645F6174223A2230222C22637265617465645F6279223A2230222C22757064617465645F6174223A2230222C22757064617465645F6279223A2230227D2C7B227379735F7065726D697373696F6E5F6964223A2231303333222C227065726D697373696F6E5F6E616D65223A225C75363562305C75353839655C75376366625C75376564665C75373532385C7536323337222C227065726D697373696F6E5F636F6465223A22616464222C227065726D697373696F6E5F74797065223A22616374696F6E222C227065726D697373696F6E5F64657363223A22616464222C22737461747573223A2231222C227065726D697373696F6E5F76616C7565223A2231222C22706172656E745F6964223A2231303332222C22637265617465645F6174223A2230222C22637265617465645F6279223A2230222C22757064617465645F6174223A2230222C22757064617465645F6279223A2230227D2C7B227379735F7065726D697373696F6E5F6964223A2231303334222C227065726D697373696F6E5F6E616D65223A225C75346665655C75363533395C75376366625C75376564665C75373532385C7536323337222C227065726D697373696F6E5F636F6465223A2265646974222C227065726D697373696F6E5F74797065223A22616374696F6E222C227065726D697373696F6E5F64657363223A2265646974222C22737461747573223A2231222C227065726D697373696F6E5F76616C7565223A2231222C22706172656E745F6964223A2231303332222C22637265617465645F6174223A2230222C22637265617465645F6279223A2230222C22757064617465645F6174223A2230222C22757064617465645F6279223A2230227D2C7B227379735F7065726D697373696F6E5F6964223A2231303335222C227065726D697373696F6E5F6E616D65223A225C75353232305C75393636345C75376366625C75376564665C75373532385C7536323337222C227065726D697373696F6E5F636F6465223A2264656C222C227065726D697373696F6E5F74797065223A22616374696F6E222C227065726D697373696F6E5F64657363223A2264656C222C22737461747573223A2231222C227065726D697373696F6E5F76616C7565223A2231222C22706172656E745F6964223A2231303332222C22637265617465645F6174223A2230222C22637265617465645F6279223A2230222C22757064617465645F6174223A2230222C22757064617465645F6279223A2230227D2C7B227379735F7065726D697373696F6E5F6964223A2232303030222C227065726D697373696F6E5F6E616D65223A225C75353239665C75383066645C75376261315C7537343036222C227065726D697373696F6E5F636F6465223A226665617475726573222C227065726D697373696F6E5F74797065223A22636F6E74726F6C6C6572222C227065726D697373696F6E5F64657363223A225C75353239665C75383066645C75376261315C75373430365C75363361375C75353233365C7535363638222C22737461747573223A2231222C227065726D697373696F6E5F76616C7565223A2231222C22706172656E745F6964223A2230222C22637265617465645F6174223A2230222C22637265617465645F6279223A2230222C22757064617465645F6174223A2230222C22757064617465645F6279223A2230227D2C7B227379735F7065726D697373696F6E5F6964223A2232303130222C227065726D697373696F6E5F6E616D65223A225C75393565655C75353337375C75376261315C7537343036222C227065726D697373696F6E5F636F6465223A22222C227065726D697373696F6E5F74797065223A22222C227065726D697373696F6E5F64657363223A225C75346538635C75376561375C75383364635C75353335355C75346563355C75353035615C75363633655C7537393361222C22737461747573223A2231222C227065726D697373696F6E5F76616C7565223A2231222C22706172656E745F6964223A2232303030222C22637265617465645F6174223A2230222C22637265617465645F6279223A2230222C22757064617465645F6174223A2230222C22757064617465645F6279223A2230227D2C7B227379735F7065726D697373696F6E5F6964223A2232303230222C227065726D697373696F6E5F6E616D65223A225C75393565655C75353337375C75353231375C75383836385C75376261315C7537343036222C227065726D697373696F6E5F636F6465223A227175657374696F6E222C227065726D697373696F6E5F74797065223A2266756E6374696F6E222C227065726D697373696F6E5F64657363223A225C75393837355C7539373632222C22737461747573223A2231222C227065726D697373696F6E5F76616C7565223A2231222C22706172656E745F6964223A2232303130222C22637265617465645F6174223A2230222C22637265617465645F6279223A2230222C22757064617465645F6174223A2230222C22757064617465645F6279223A2230227D2C7B227379735F7065726D697373696F6E5F6964223A2232303231222C227065726D697373696F6E5F6E616D65223A225C75383362375C75353364365C75393565655C75353337375C75353231375C75383836385C75363537305C7536333665222C227065726D697373696F6E5F636F6465223A226765745F7175657374696F6E222C227065726D697373696F6E5F74797065223A2266756E6374696F6E222C227065726D697373696F6E5F64657363223A22676574222C22737461747573223A2231222C227065726D697373696F6E5F76616C7565223A2231222C22706172656E745F6964223A2232303230222C22637265617465645F6174223A2230222C22637265617465645F6279223A2230222C22757064617465645F6174223A2230222C22757064617465645F6279223A2230227D2C7B227379735F7065726D697373696F6E5F6964223A2232303232222C227065726D697373696F6E5F6E616D65223A225C75363463645C75346635635C75393565655C7535333737222C227065726D697373696F6E5F636F6465223A22736176655F7175657374696F6E222C227065726D697373696F6E5F74797065223A2266756E6374696F6E222C227065726D697373696F6E5F64657363223A22616374696F6E222C22737461747573223A2231222C227065726D697373696F6E5F76616C7565223A2231222C22706172656E745F6964223A2232303230222C22637265617465645F6174223A2230222C22637265617465645F6279223A2230222C22757064617465645F6174223A2230222C22757064617465645F6279223A2230227D2C7B227379735F7065726D697373696F6E5F6964223A2232303233222C227065726D697373696F6E5F6E616D65223A225C75363765355C75373730625C75393565655C75353337375C75363364305C75346561345C75376564665C7538626131222C227065726D697373696F6E5F636F6465223A226765745F7175657374696F6E5F64657461696C222C227065726D697373696F6E5F74797065223A2266756E6374696F6E222C227065726D697373696F6E5F64657363223A226765742064657461696C222C22737461747573223A2231222C227065726D697373696F6E5F76616C7565223A2231222C22706172656E745F6964223A2232303232222C22637265617465645F6174223A2230222C22637265617465645F6279223A2230222C22757064617465645F6174223A2230222C22757064617465645F6279223A2230227D2C7B227379735F7065726D697373696F6E5F6964223A2232303234222C227065726D697373696F6E5F6E616D65223A225C75363562305C75353839655C75393565655C7535333737222C227065726D697373696F6E5F636F6465223A22616464222C227065726D697373696F6E5F74797065223A22616374696F6E222C227065726D697373696F6E5F64657363223A22616464222C22737461747573223A2231222C227065726D697373696F6E5F76616C7565223A2231222C22706172656E745F6964223A2232303232222C22637265617465645F6174223A2230222C22637265617465645F6279223A2230222C22757064617465645F6174223A2230222C22757064617465645F6279223A2230227D2C7B227379735F7065726D697373696F6E5F6964223A2232303235222C227065726D697373696F6E5F6E616D65223A225C75346665655C75363533395C75393565655C7535333737222C227065726D697373696F6E5F636F6465223A2265646974222C227065726D697373696F6E5F74797065223A22616374696F6E222C227065726D697373696F6E5F64657363223A2265646974222C22737461747573223A2231222C227065726D697373696F6E5F76616C7565223A2231222C22706172656E745F6964223A2232303232222C22637265617465645F6174223A2230222C22637265617465645F6279223A2230222C22757064617465645F6174223A2230222C22757064617465645F6279223A2230227D2C7B227379735F7065726D697373696F6E5F6964223A2232303236222C227065726D697373696F6E5F6E616D65223A225C75353232305C75393636345C75393565655C7535333737222C227065726D697373696F6E5F636F6465223A2264656C222C227065726D697373696F6E5F74797065223A22616374696F6E222C227065726D697373696F6E5F64657363223A2264656C222C22737461747573223A2231222C227065726D697373696F6E5F76616C7565223A2231222C22706172656E745F6964223A2232303232222C22637265617465645F6174223A2230222C22637265617465645F6279223A2230222C22757064617465645F6174223A2230222C22757064617465645F6279223A2230227D2C7B227379735F7065726D697373696F6E5F6964223A2232303330222C227065726D697373696F6E5F6E616D65223A225C75393565655C75353337375C75363364305C75346561345C75353231375C75383836385C75376261315C7537343036222C227065726D697373696F6E5F636F6465223A227175657374696F6E5F636F6C6C656374222C227065726D697373696F6E5F74797065223A2266756E6374696F6E222C227065726D697373696F6E5F64657363223A225C75393837355C7539373632222C22737461747573223A2231222C227065726D697373696F6E5F76616C7565223A2231222C22706172656E745F6964223A2232303130222C22637265617465645F6174223A2230222C22637265617465645F6279223A2230222C22757064617465645F6174223A2230222C22757064617465645F6279223A2230227D2C7B227379735F7065726D697373696F6E5F6964223A2232303331222C227065726D697373696F6E5F6E616D65223A225C75383362375C75353364365C75393565655C75353337375C75363364305C75346561345C75353231375C75383836385C75363537305C7536333665222C227065726D697373696F6E5F636F6465223A226765745F7175657374696F6E5F636F6C6C656374222C227065726D697373696F6E5F74797065223A2266756E6374696F6E222C227065726D697373696F6E5F64657363223A22676574222C22737461747573223A2231222C227065726D697373696F6E5F76616C7565223A2231222C22706172656E745F6964223A2232303330222C22637265617465645F6174223A2230222C22637265617465645F6279223A2230222C22757064617465645F6174223A2230222C22757064617465645F6279223A2230227D2C7B227379735F7065726D697373696F6E5F6964223A2232303332222C227065726D697373696F6E5F6E616D65223A225C75363463645C75346635635C75393565655C75353337375C75363364305C7534656134222C227065726D697373696F6E5F636F6465223A22736176655F7175657374696F6E5F636F6C6C656374222C227065726D697373696F6E5F74797065223A2266756E6374696F6E222C227065726D697373696F6E5F64657363223A22616374696F6E222C22737461747573223A2231222C227065726D697373696F6E5F76616C7565223A2231222C22706172656E745F6964223A2232303330222C22637265617465645F6174223A2230222C22637265617465645F6279223A2230222C22757064617465645F6174223A2230222C22757064617465645F6279223A2230227D2C7B227379735F7065726D697373696F6E5F6964223A2232303333222C227065726D697373696F6E5F6E616D65223A225C75363765355C75373730625C75393565655C75353337375C75363364305C75346561345C75386265365C7536306335222C227065726D697373696F6E5F636F6465223A226765745F7175657374696F6E5F64657461696C5F616E645F7175657374696F6E5F636F6C6C6563745F64657461696C222C227065726D697373696F6E5F74797065223A2266756E6374696F6E222C227065726D697373696F6E5F64657363223A226765742064657461696C222C22737461747573223A2231222C227065726D697373696F6E5F76616C7565223A2231222C22706172656E745F6964223A2232303332222C22637265617465645F6174223A2230222C22637265617465645F6279223A2230222C22757064617465645F6174223A2230222C22757064617465645F6279223A2230227D2C7B227379735F7065726D697373696F6E5F6964223A2232303334222C227065726D697373696F6E5F6E616D65223A225C75353232305C75393636345C75393565655C75353337375C75363364305C7534656134222C227065726D697373696F6E5F636F6465223A2264656C222C227065726D697373696F6E5F74797065223A22616374696F6E222C227065726D697373696F6E5F64657363223A2264656C222C22737461747573223A2231222C227065726D697373696F6E5F76616C7565223A2231222C22706172656E745F6964223A2232303332222C22637265617465645F6174223A2230222C22637265617465645F6279223A2230222C22757064617465645F6174223A2230222C22757064617465645F6279223A2230227D5D223B);
INSERT INTO `q_sessions` VALUES ('b57fmcjgq6hg4iudakl7ptve9fdcm2e5', '10.0.19.132', 1522057158, 0x5F5F63695F6C6173745F726567656E65726174657C693A313532323035373134343B7379735F757365727C4F3A383A22737464436C617373223A31303A7B733A31313A227379735F757365725F6964223B733A313A2231223B733A393A22757365725F6E616D65223B733A353A2261646D696E223B733A383A2270617373776F7264223B733A34303A2233366135313631363337623061363461363138343833323637383034333136323636656234656433223B733A31313A227379735F726F6C655F6964223B733A313A2231223B733A363A22737461747573223B733A313A2231223B733A31303A22637265617465645F6174223B733A313A2231223B733A31303A22757064617465645F6174223B733A31303A2231353231383831373433223B733A31303A22637265617465645F6279223B733A313A2231223B733A31303A22757064617465645F6279223B733A313A2232223B733A31383A227379735F7065726D697373696F6E5F696473223B733A3133343A22313030302C313032302C313032312C313032322C313032332C313032342C313032352C313033302C313033312C313033322C313033332C313033342C313033352C323030302C323031302C323032302C323032312C323032322C323032332C323032342C323032352C323032362C323033302C323033312C323033322C323033332C32303334223B7D7379735F7065726D697373696F6E737C733A383337313A225B7B227379735F7065726D697373696F6E5F6964223A2231222C227065726D697373696F6E5F6E616D65223A2241646D696E222C227065726D697373696F6E5F636F6465223A2261646D696E222C227065726D697373696F6E5F74797065223A22636F6E74726F6C6C6572222C227065726D697373696F6E5F64657363223A2261646D696E20636F6E74726F6C6C6572222C22737461747573223A2231222C227065726D697373696F6E5F76616C7565223A2231222C22706172656E745F6964223A2230222C22637265617465645F6174223A2230222C22637265617465645F6279223A2230222C22757064617465645F6174223A2230222C22757064617465645F6279223A2230227D2C7B227379735F7065726D697373696F6E5F6964223A2231303030222C227065726D697373696F6E5F6E616D65223A225C75376366625C75376564665C75376261315C7537343036222C227065726D697373696F6E5F636F6465223A2273797374656D222C227065726D697373696F6E5F74797065223A22636F6E74726F6C6C6572222C227065726D697373696F6E5F64657363223A225C75376366625C75376564665C75376261315C75373430365C75363361375C75353233365C7535363638222C22737461747573223A2231222C227065726D697373696F6E5F76616C7565223A2231222C22706172656E745F6964223A2230222C22637265617465645F6174223A2230222C22637265617465645F6279223A2230222C22757064617465645F6174223A2230222C22757064617465645F6279223A2230227D2C7B227379735F7065726D697373696F6E5F6964223A2231303230222C227065726D697373696F6E5F6E616D65223A225C75376366625C75376564665C75383964325C75383237325C75376261315C7537343036222C227065726D697373696F6E5F636F6465223A227379735F726F6C65222C227065726D697373696F6E5F74797065223A2266756E6374696F6E222C227065726D697373696F6E5F64657363223A225C75393837355C7539373632222C22737461747573223A2231222C227065726D697373696F6E5F76616C7565223A2231222C22706172656E745F6964223A2231303030222C22637265617465645F6174223A2230222C22637265617465645F6279223A2230222C22757064617465645F6174223A2230222C22757064617465645F6279223A2230227D2C7B227379735F7065726D697373696F6E5F6964223A2231303231222C227065726D697373696F6E5F6E616D65223A225C75383362375C75353364365C75376366625C75376564665C75383964325C75383237325C75353231375C75383836385C75363537305C7536333665222C227065726D697373696F6E5F636F6465223A226765745F7379735F726F6C65222C227065726D697373696F6E5F74797065223A2266756E6374696F6E222C227065726D697373696F6E5F64657363223A22676574222C22737461747573223A2231222C227065726D697373696F6E5F76616C7565223A2231222C22706172656E745F6964223A2231303230222C22637265617465645F6174223A2230222C22637265617465645F6279223A2230222C22757064617465645F6174223A2230222C22757064617465645F6279223A2230227D2C7B227379735F7065726D697373696F6E5F6964223A2231303232222C227065726D697373696F6E5F6E616D65223A225C75363463645C75346635635C75376366625C75376564665C75383964325C7538323732222C227065726D697373696F6E5F636F6465223A22736176655F7379735F726F6C65222C227065726D697373696F6E5F74797065223A2266756E6374696F6E222C227065726D697373696F6E5F64657363223A22616374696F6E222C22737461747573223A2231222C227065726D697373696F6E5F76616C7565223A2231222C22706172656E745F6964223A2231303230222C22637265617465645F6174223A2230222C22637265617465645F6279223A2230222C22757064617465645F6174223A2230222C22757064617465645F6279223A2230227D2C7B227379735F7065726D697373696F6E5F6964223A2231303233222C227065726D697373696F6E5F6E616D65223A225C75363562305C75353839655C75376366625C75376564665C75383964325C7538323732222C227065726D697373696F6E5F636F6465223A22616464222C227065726D697373696F6E5F74797065223A22616374696F6E222C227065726D697373696F6E5F64657363223A22616464222C22737461747573223A2231222C227065726D697373696F6E5F76616C7565223A2231222C22706172656E745F6964223A2231303232222C22637265617465645F6174223A2230222C22637265617465645F6279223A2230222C22757064617465645F6174223A2230222C22757064617465645F6279223A2230227D2C7B227379735F7065726D697373696F6E5F6964223A2231303234222C227065726D697373696F6E5F6E616D65223A225C75346665655C75363533395C75376366625C75376564665C75383964325C7538323732222C227065726D697373696F6E5F636F6465223A2265646974222C227065726D697373696F6E5F74797065223A22616374696F6E222C227065726D697373696F6E5F64657363223A2265646974222C22737461747573223A2231222C227065726D697373696F6E5F76616C7565223A2231222C22706172656E745F6964223A2231303232222C22637265617465645F6174223A2230222C22637265617465645F6279223A2230222C22757064617465645F6174223A2230222C22757064617465645F6279223A2230227D2C7B227379735F7065726D697373696F6E5F6964223A2231303235222C227065726D697373696F6E5F6E616D65223A225C75353232305C75393636345C75376366625C75376564665C75383964325C7538323732222C227065726D697373696F6E5F636F6465223A2264656C222C227065726D697373696F6E5F74797065223A22616374696F6E222C227065726D697373696F6E5F64657363223A2264656C222C22737461747573223A2231222C227065726D697373696F6E5F76616C7565223A2231222C22706172656E745F6964223A2231303232222C22637265617465645F6174223A2230222C22637265617465645F6279223A2230222C22757064617465645F6174223A2230222C22757064617465645F6279223A2230227D2C7B227379735F7065726D697373696F6E5F6964223A2231303330222C227065726D697373696F6E5F6E616D65223A225C75376366625C75376564665C75373532385C75363233375C75376261315C7537343036222C227065726D697373696F6E5F636F6465223A227379735F75736572222C227065726D697373696F6E5F74797065223A2266756E6374696F6E222C227065726D697373696F6E5F64657363223A225C75393837355C7539373632222C22737461747573223A2231222C227065726D697373696F6E5F76616C7565223A2231222C22706172656E745F6964223A2231303030222C22637265617465645F6174223A2230222C22637265617465645F6279223A2230222C22757064617465645F6174223A2230222C22757064617465645F6279223A2230227D2C7B227379735F7065726D697373696F6E5F6964223A2231303331222C227065726D697373696F6E5F6E616D65223A225C75383362375C75353364365C75376366625C75376564665C75373532385C75363233375C75353231375C75383836385C75363537305C7536333665222C227065726D697373696F6E5F636F6465223A226765745F7379735F75736572222C227065726D697373696F6E5F74797065223A2266756E6374696F6E222C227065726D697373696F6E5F64657363223A22676574222C22737461747573223A2231222C227065726D697373696F6E5F76616C7565223A2231222C22706172656E745F6964223A2231303330222C22637265617465645F6174223A2230222C22637265617465645F6279223A2230222C22757064617465645F6174223A2230222C22757064617465645F6279223A2230227D2C7B227379735F7065726D697373696F6E5F6964223A2231303332222C227065726D697373696F6E5F6E616D65223A225C75363463645C75346635635C75376366625C75376564665C75373532385C7536323337222C227065726D697373696F6E5F636F6465223A22736176655F7379735F75736572222C227065726D697373696F6E5F74797065223A2266756E6374696F6E222C227065726D697373696F6E5F64657363223A22616374696F6E222C22737461747573223A2231222C227065726D697373696F6E5F76616C7565223A2231222C22706172656E745F6964223A2231303330222C22637265617465645F6174223A2230222C22637265617465645F6279223A2230222C22757064617465645F6174223A2230222C22757064617465645F6279223A2230227D2C7B227379735F7065726D697373696F6E5F6964223A2231303333222C227065726D697373696F6E5F6E616D65223A225C75363562305C75353839655C75376366625C75376564665C75373532385C7536323337222C227065726D697373696F6E5F636F6465223A22616464222C227065726D697373696F6E5F74797065223A22616374696F6E222C227065726D697373696F6E5F64657363223A22616464222C22737461747573223A2231222C227065726D697373696F6E5F76616C7565223A2231222C22706172656E745F6964223A2231303332222C22637265617465645F6174223A2230222C22637265617465645F6279223A2230222C22757064617465645F6174223A2230222C22757064617465645F6279223A2230227D2C7B227379735F7065726D697373696F6E5F6964223A2231303334222C227065726D697373696F6E5F6E616D65223A225C75346665655C75363533395C75376366625C75376564665C75373532385C7536323337222C227065726D697373696F6E5F636F6465223A2265646974222C227065726D697373696F6E5F74797065223A22616374696F6E222C227065726D697373696F6E5F64657363223A2265646974222C22737461747573223A2231222C227065726D697373696F6E5F76616C7565223A2231222C22706172656E745F6964223A2231303332222C22637265617465645F6174223A2230222C22637265617465645F6279223A2230222C22757064617465645F6174223A2230222C22757064617465645F6279223A2230227D2C7B227379735F7065726D697373696F6E5F6964223A2231303335222C227065726D697373696F6E5F6E616D65223A225C75353232305C75393636345C75376366625C75376564665C75373532385C7536323337222C227065726D697373696F6E5F636F6465223A2264656C222C227065726D697373696F6E5F74797065223A22616374696F6E222C227065726D697373696F6E5F64657363223A2264656C222C22737461747573223A2231222C227065726D697373696F6E5F76616C7565223A2231222C22706172656E745F6964223A2231303332222C22637265617465645F6174223A2230222C22637265617465645F6279223A2230222C22757064617465645F6174223A2230222C22757064617465645F6279223A2230227D2C7B227379735F7065726D697373696F6E5F6964223A2232303030222C227065726D697373696F6E5F6E616D65223A225C75353239665C75383066645C75376261315C7537343036222C227065726D697373696F6E5F636F6465223A226665617475726573222C227065726D697373696F6E5F74797065223A22636F6E74726F6C6C6572222C227065726D697373696F6E5F64657363223A225C75353239665C75383066645C75376261315C75373430365C75363361375C75353233365C7535363638222C22737461747573223A2231222C227065726D697373696F6E5F76616C7565223A2231222C22706172656E745F6964223A2230222C22637265617465645F6174223A2230222C22637265617465645F6279223A2230222C22757064617465645F6174223A2230222C22757064617465645F6279223A2230227D2C7B227379735F7065726D697373696F6E5F6964223A2232303130222C227065726D697373696F6E5F6E616D65223A225C75393565655C75353337375C75376261315C7537343036222C227065726D697373696F6E5F636F6465223A22222C227065726D697373696F6E5F74797065223A22222C227065726D697373696F6E5F64657363223A225C75346538635C75376561375C75383364635C75353335355C75346563355C75353035615C75363633655C7537393361222C22737461747573223A2231222C227065726D697373696F6E5F76616C7565223A2231222C22706172656E745F6964223A2232303030222C22637265617465645F6174223A2230222C22637265617465645F6279223A2230222C22757064617465645F6174223A2230222C22757064617465645F6279223A2230227D2C7B227379735F7065726D697373696F6E5F6964223A2232303230222C227065726D697373696F6E5F6E616D65223A225C75393565655C75353337375C75353231375C75383836385C75376261315C7537343036222C227065726D697373696F6E5F636F6465223A227175657374696F6E222C227065726D697373696F6E5F74797065223A2266756E6374696F6E222C227065726D697373696F6E5F64657363223A225C75393837355C7539373632222C22737461747573223A2231222C227065726D697373696F6E5F76616C7565223A2231222C22706172656E745F6964223A2232303130222C22637265617465645F6174223A2230222C22637265617465645F6279223A2230222C22757064617465645F6174223A2230222C22757064617465645F6279223A2230227D2C7B227379735F7065726D697373696F6E5F6964223A2232303231222C227065726D697373696F6E5F6E616D65223A225C75383362375C75353364365C75393565655C75353337375C75353231375C75383836385C75363537305C7536333665222C227065726D697373696F6E5F636F6465223A226765745F7175657374696F6E222C227065726D697373696F6E5F74797065223A2266756E6374696F6E222C227065726D697373696F6E5F64657363223A22676574222C22737461747573223A2231222C227065726D697373696F6E5F76616C7565223A2231222C22706172656E745F6964223A2232303230222C22637265617465645F6174223A2230222C22637265617465645F6279223A2230222C22757064617465645F6174223A2230222C22757064617465645F6279223A2230227D2C7B227379735F7065726D697373696F6E5F6964223A2232303232222C227065726D697373696F6E5F6E616D65223A225C75363463645C75346635635C75393565655C7535333737222C227065726D697373696F6E5F636F6465223A22736176655F7175657374696F6E222C227065726D697373696F6E5F74797065223A2266756E6374696F6E222C227065726D697373696F6E5F64657363223A22616374696F6E222C22737461747573223A2231222C227065726D697373696F6E5F76616C7565223A2231222C22706172656E745F6964223A2232303230222C22637265617465645F6174223A2230222C22637265617465645F6279223A2230222C22757064617465645F6174223A2230222C22757064617465645F6279223A2230227D2C7B227379735F7065726D697373696F6E5F6964223A2232303233222C227065726D697373696F6E5F6E616D65223A225C75363765355C75373730625C75393565655C75353337375C75363364305C75346561345C75376564665C7538626131222C227065726D697373696F6E5F636F6465223A226765745F7175657374696F6E5F64657461696C222C227065726D697373696F6E5F74797065223A2266756E6374696F6E222C227065726D697373696F6E5F64657363223A226765742064657461696C222C22737461747573223A2231222C227065726D697373696F6E5F76616C7565223A2231222C22706172656E745F6964223A2232303232222C22637265617465645F6174223A2230222C22637265617465645F6279223A2230222C22757064617465645F6174223A2230222C22757064617465645F6279223A2230227D2C7B227379735F7065726D697373696F6E5F6964223A2232303234222C227065726D697373696F6E5F6E616D65223A225C75363562305C75353839655C75393565655C7535333737222C227065726D697373696F6E5F636F6465223A22616464222C227065726D697373696F6E5F74797065223A22616374696F6E222C227065726D697373696F6E5F64657363223A22616464222C22737461747573223A2231222C227065726D697373696F6E5F76616C7565223A2231222C22706172656E745F6964223A2232303232222C22637265617465645F6174223A2230222C22637265617465645F6279223A2230222C22757064617465645F6174223A2230222C22757064617465645F6279223A2230227D2C7B227379735F7065726D697373696F6E5F6964223A2232303235222C227065726D697373696F6E5F6E616D65223A225C75346665655C75363533395C75393565655C7535333737222C227065726D697373696F6E5F636F6465223A2265646974222C227065726D697373696F6E5F74797065223A22616374696F6E222C227065726D697373696F6E5F64657363223A2265646974222C22737461747573223A2231222C227065726D697373696F6E5F76616C7565223A2231222C22706172656E745F6964223A2232303232222C22637265617465645F6174223A2230222C22637265617465645F6279223A2230222C22757064617465645F6174223A2230222C22757064617465645F6279223A2230227D2C7B227379735F7065726D697373696F6E5F6964223A2232303236222C227065726D697373696F6E5F6E616D65223A225C75353232305C75393636345C75393565655C7535333737222C227065726D697373696F6E5F636F6465223A2264656C222C227065726D697373696F6E5F74797065223A22616374696F6E222C227065726D697373696F6E5F64657363223A2264656C222C22737461747573223A2231222C227065726D697373696F6E5F76616C7565223A2231222C22706172656E745F6964223A2232303232222C22637265617465645F6174223A2230222C22637265617465645F6279223A2230222C22757064617465645F6174223A2230222C22757064617465645F6279223A2230227D2C7B227379735F7065726D697373696F6E5F6964223A2232303330222C227065726D697373696F6E5F6E616D65223A225C75393565655C75353337375C75363364305C75346561345C75353231375C75383836385C75376261315C7537343036222C227065726D697373696F6E5F636F6465223A227175657374696F6E5F636F6C6C656374222C227065726D697373696F6E5F74797065223A2266756E6374696F6E222C227065726D697373696F6E5F64657363223A225C75393837355C7539373632222C22737461747573223A2231222C227065726D697373696F6E5F76616C7565223A2231222C22706172656E745F6964223A2232303130222C22637265617465645F6174223A2230222C22637265617465645F6279223A2230222C22757064617465645F6174223A2230222C22757064617465645F6279223A2230227D2C7B227379735F7065726D697373696F6E5F6964223A2232303331222C227065726D697373696F6E5F6E616D65223A225C75383362375C75353364365C75393565655C75353337375C75363364305C75346561345C75353231375C75383836385C75363537305C7536333665222C227065726D697373696F6E5F636F6465223A226765745F7175657374696F6E5F636F6C6C656374222C227065726D697373696F6E5F74797065223A2266756E6374696F6E222C227065726D697373696F6E5F64657363223A22676574222C22737461747573223A2231222C227065726D697373696F6E5F76616C7565223A2231222C22706172656E745F6964223A2232303330222C22637265617465645F6174223A2230222C22637265617465645F6279223A2230222C22757064617465645F6174223A2230222C22757064617465645F6279223A2230227D2C7B227379735F7065726D697373696F6E5F6964223A2232303332222C227065726D697373696F6E5F6E616D65223A225C75363463645C75346635635C75393565655C75353337375C75363364305C7534656134222C227065726D697373696F6E5F636F6465223A22736176655F7175657374696F6E5F636F6C6C656374222C227065726D697373696F6E5F74797065223A2266756E6374696F6E222C227065726D697373696F6E5F64657363223A22616374696F6E222C22737461747573223A2231222C227065726D697373696F6E5F76616C7565223A2231222C22706172656E745F6964223A2232303330222C22637265617465645F6174223A2230222C22637265617465645F6279223A2230222C22757064617465645F6174223A2230222C22757064617465645F6279223A2230227D2C7B227379735F7065726D697373696F6E5F6964223A2232303333222C227065726D697373696F6E5F6E616D65223A225C75363765355C75373730625C75393565655C75353337375C75363364305C75346561345C75386265365C7536306335222C227065726D697373696F6E5F636F6465223A226765745F7175657374696F6E5F64657461696C5F616E645F7175657374696F6E5F636F6C6C6563745F64657461696C222C227065726D697373696F6E5F74797065223A2266756E6374696F6E222C227065726D697373696F6E5F64657363223A226765742064657461696C222C22737461747573223A2231222C227065726D697373696F6E5F76616C7565223A2231222C22706172656E745F6964223A2232303332222C22637265617465645F6174223A2230222C22637265617465645F6279223A2230222C22757064617465645F6174223A2230222C22757064617465645F6279223A2230227D2C7B227379735F7065726D697373696F6E5F6964223A2232303334222C227065726D697373696F6E5F6E616D65223A225C75353232305C75393636345C75393565655C75353337375C75363364305C7534656134222C227065726D697373696F6E5F636F6465223A2264656C222C227065726D697373696F6E5F74797065223A22616374696F6E222C227065726D697373696F6E5F64657363223A2264656C222C22737461747573223A2231222C227065726D697373696F6E5F76616C7565223A2231222C22706172656E745F6964223A2232303332222C22637265617465645F6174223A2230222C22637265617465645F6279223A2230222C22757064617465645F6174223A2230222C22757064617465645F6279223A2230227D5D223B);
INSERT INTO `q_sessions` VALUES ('53se6lv9je6uouspr0h8ko02sjtl5lqv', '10.0.19.132', 1522057164, 0x5F5F63695F6C6173745F726567656E65726174657C693A313532323035373136343B);
INSERT INTO `q_sessions` VALUES ('7atib28j5v7c6nbv12urgn3o0h72rnpf', '127.0.0.1', 1522070474, 0x5F5F63695F6C6173745F726567656E65726174657C693A313532323037303437343B);
INSERT INTO `q_sessions` VALUES ('q1ald91vdq9i962dq5ecpaie9sebln4d', '10.0.19.132', 1522070828, 0x5F5F63695F6C6173745F726567656E65726174657C693A313532323037303832383B7379735F757365727C4F3A383A22737464436C617373223A31303A7B733A31313A227379735F757365725F6964223B733A313A2231223B733A393A22757365725F6E616D65223B733A353A2261646D696E223B733A383A2270617373776F7264223B733A34303A2233366135313631363337623061363461363138343833323637383034333136323636656234656433223B733A31313A227379735F726F6C655F6964223B733A313A2231223B733A363A22737461747573223B733A313A2231223B733A31303A22637265617465645F6174223B733A313A2231223B733A31303A22757064617465645F6174223B733A31303A2231353231383831373433223B733A31303A22637265617465645F6279223B733A313A2231223B733A31303A22757064617465645F6279223B733A313A2232223B733A31383A227379735F7065726D697373696F6E5F696473223B733A3133343A22313030302C313032302C313032312C313032322C313032332C313032342C313032352C313033302C313033312C313033322C313033332C313033342C313033352C323030302C323031302C323032302C323032312C323032322C323032332C323032342C323032352C323032362C323033302C323033312C323033322C323033332C32303334223B7D7379735F7065726D697373696F6E737C733A383337313A225B7B227379735F7065726D697373696F6E5F6964223A2231222C227065726D697373696F6E5F6E616D65223A2241646D696E222C227065726D697373696F6E5F636F6465223A2261646D696E222C227065726D697373696F6E5F74797065223A22636F6E74726F6C6C6572222C227065726D697373696F6E5F64657363223A2261646D696E20636F6E74726F6C6C6572222C22737461747573223A2231222C227065726D697373696F6E5F76616C7565223A2231222C22706172656E745F6964223A2230222C22637265617465645F6174223A2230222C22637265617465645F6279223A2230222C22757064617465645F6174223A2230222C22757064617465645F6279223A2230227D2C7B227379735F7065726D697373696F6E5F6964223A2231303030222C227065726D697373696F6E5F6E616D65223A225C75376366625C75376564665C75376261315C7537343036222C227065726D697373696F6E5F636F6465223A2273797374656D222C227065726D697373696F6E5F74797065223A22636F6E74726F6C6C6572222C227065726D697373696F6E5F64657363223A225C75376366625C75376564665C75376261315C75373430365C75363361375C75353233365C7535363638222C22737461747573223A2231222C227065726D697373696F6E5F76616C7565223A2231222C22706172656E745F6964223A2230222C22637265617465645F6174223A2230222C22637265617465645F6279223A2230222C22757064617465645F6174223A2230222C22757064617465645F6279223A2230227D2C7B227379735F7065726D697373696F6E5F6964223A2231303230222C227065726D697373696F6E5F6E616D65223A225C75376366625C75376564665C75383964325C75383237325C75376261315C7537343036222C227065726D697373696F6E5F636F6465223A227379735F726F6C65222C227065726D697373696F6E5F74797065223A2266756E6374696F6E222C227065726D697373696F6E5F64657363223A225C75393837355C7539373632222C22737461747573223A2231222C227065726D697373696F6E5F76616C7565223A2231222C22706172656E745F6964223A2231303030222C22637265617465645F6174223A2230222C22637265617465645F6279223A2230222C22757064617465645F6174223A2230222C22757064617465645F6279223A2230227D2C7B227379735F7065726D697373696F6E5F6964223A2231303231222C227065726D697373696F6E5F6E616D65223A225C75383362375C75353364365C75376366625C75376564665C75383964325C75383237325C75353231375C75383836385C75363537305C7536333665222C227065726D697373696F6E5F636F6465223A226765745F7379735F726F6C65222C227065726D697373696F6E5F74797065223A2266756E6374696F6E222C227065726D697373696F6E5F64657363223A22676574222C22737461747573223A2231222C227065726D697373696F6E5F76616C7565223A2231222C22706172656E745F6964223A2231303230222C22637265617465645F6174223A2230222C22637265617465645F6279223A2230222C22757064617465645F6174223A2230222C22757064617465645F6279223A2230227D2C7B227379735F7065726D697373696F6E5F6964223A2231303232222C227065726D697373696F6E5F6E616D65223A225C75363463645C75346635635C75376366625C75376564665C75383964325C7538323732222C227065726D697373696F6E5F636F6465223A22736176655F7379735F726F6C65222C227065726D697373696F6E5F74797065223A2266756E6374696F6E222C227065726D697373696F6E5F64657363223A22616374696F6E222C22737461747573223A2231222C227065726D697373696F6E5F76616C7565223A2231222C22706172656E745F6964223A2231303230222C22637265617465645F6174223A2230222C22637265617465645F6279223A2230222C22757064617465645F6174223A2230222C22757064617465645F6279223A2230227D2C7B227379735F7065726D697373696F6E5F6964223A2231303233222C227065726D697373696F6E5F6E616D65223A225C75363562305C75353839655C75376366625C75376564665C75383964325C7538323732222C227065726D697373696F6E5F636F6465223A22616464222C227065726D697373696F6E5F74797065223A22616374696F6E222C227065726D697373696F6E5F64657363223A22616464222C22737461747573223A2231222C227065726D697373696F6E5F76616C7565223A2231222C22706172656E745F6964223A2231303232222C22637265617465645F6174223A2230222C22637265617465645F6279223A2230222C22757064617465645F6174223A2230222C22757064617465645F6279223A2230227D2C7B227379735F7065726D697373696F6E5F6964223A2231303234222C227065726D697373696F6E5F6E616D65223A225C75346665655C75363533395C75376366625C75376564665C75383964325C7538323732222C227065726D697373696F6E5F636F6465223A2265646974222C227065726D697373696F6E5F74797065223A22616374696F6E222C227065726D697373696F6E5F64657363223A2265646974222C22737461747573223A2231222C227065726D697373696F6E5F76616C7565223A2231222C22706172656E745F6964223A2231303232222C22637265617465645F6174223A2230222C22637265617465645F6279223A2230222C22757064617465645F6174223A2230222C22757064617465645F6279223A2230227D2C7B227379735F7065726D697373696F6E5F6964223A2231303235222C227065726D697373696F6E5F6E616D65223A225C75353232305C75393636345C75376366625C75376564665C75383964325C7538323732222C227065726D697373696F6E5F636F6465223A2264656C222C227065726D697373696F6E5F74797065223A22616374696F6E222C227065726D697373696F6E5F64657363223A2264656C222C22737461747573223A2231222C227065726D697373696F6E5F76616C7565223A2231222C22706172656E745F6964223A2231303232222C22637265617465645F6174223A2230222C22637265617465645F6279223A2230222C22757064617465645F6174223A2230222C22757064617465645F6279223A2230227D2C7B227379735F7065726D697373696F6E5F6964223A2231303330222C227065726D697373696F6E5F6E616D65223A225C75376366625C75376564665C75373532385C75363233375C75376261315C7537343036222C227065726D697373696F6E5F636F6465223A227379735F75736572222C227065726D697373696F6E5F74797065223A2266756E6374696F6E222C227065726D697373696F6E5F64657363223A225C75393837355C7539373632222C22737461747573223A2231222C227065726D697373696F6E5F76616C7565223A2231222C22706172656E745F6964223A2231303030222C22637265617465645F6174223A2230222C22637265617465645F6279223A2230222C22757064617465645F6174223A2230222C22757064617465645F6279223A2230227D2C7B227379735F7065726D697373696F6E5F6964223A2231303331222C227065726D697373696F6E5F6E616D65223A225C75383362375C75353364365C75376366625C75376564665C75373532385C75363233375C75353231375C75383836385C75363537305C7536333665222C227065726D697373696F6E5F636F6465223A226765745F7379735F75736572222C227065726D697373696F6E5F74797065223A2266756E6374696F6E222C227065726D697373696F6E5F64657363223A22676574222C22737461747573223A2231222C227065726D697373696F6E5F76616C7565223A2231222C22706172656E745F6964223A2231303330222C22637265617465645F6174223A2230222C22637265617465645F6279223A2230222C22757064617465645F6174223A2230222C22757064617465645F6279223A2230227D2C7B227379735F7065726D697373696F6E5F6964223A2231303332222C227065726D697373696F6E5F6E616D65223A225C75363463645C75346635635C75376366625C75376564665C75373532385C7536323337222C227065726D697373696F6E5F636F6465223A22736176655F7379735F75736572222C227065726D697373696F6E5F74797065223A2266756E6374696F6E222C227065726D697373696F6E5F64657363223A22616374696F6E222C22737461747573223A2231222C227065726D697373696F6E5F76616C7565223A2231222C22706172656E745F6964223A2231303330222C22637265617465645F6174223A2230222C22637265617465645F6279223A2230222C22757064617465645F6174223A2230222C22757064617465645F6279223A2230227D2C7B227379735F7065726D697373696F6E5F6964223A2231303333222C227065726D697373696F6E5F6E616D65223A225C75363562305C75353839655C75376366625C75376564665C75373532385C7536323337222C227065726D697373696F6E5F636F6465223A22616464222C227065726D697373696F6E5F74797065223A22616374696F6E222C227065726D697373696F6E5F64657363223A22616464222C22737461747573223A2231222C227065726D697373696F6E5F76616C7565223A2231222C22706172656E745F6964223A2231303332222C22637265617465645F6174223A2230222C22637265617465645F6279223A2230222C22757064617465645F6174223A2230222C22757064617465645F6279223A2230227D2C7B227379735F7065726D697373696F6E5F6964223A2231303334222C227065726D697373696F6E5F6E616D65223A225C75346665655C75363533395C75376366625C75376564665C75373532385C7536323337222C227065726D697373696F6E5F636F6465223A2265646974222C227065726D697373696F6E5F74797065223A22616374696F6E222C227065726D697373696F6E5F64657363223A2265646974222C22737461747573223A2231222C227065726D697373696F6E5F76616C7565223A2231222C22706172656E745F6964223A2231303332222C22637265617465645F6174223A2230222C22637265617465645F6279223A2230222C22757064617465645F6174223A2230222C22757064617465645F6279223A2230227D2C7B227379735F7065726D697373696F6E5F6964223A2231303335222C227065726D697373696F6E5F6E616D65223A225C75353232305C75393636345C75376366625C75376564665C75373532385C7536323337222C227065726D697373696F6E5F636F6465223A2264656C222C227065726D697373696F6E5F74797065223A22616374696F6E222C227065726D697373696F6E5F64657363223A2264656C222C22737461747573223A2231222C227065726D697373696F6E5F76616C7565223A2231222C22706172656E745F6964223A2231303332222C22637265617465645F6174223A2230222C22637265617465645F6279223A2230222C22757064617465645F6174223A2230222C22757064617465645F6279223A2230227D2C7B227379735F7065726D697373696F6E5F6964223A2232303030222C227065726D697373696F6E5F6E616D65223A225C75353239665C75383066645C75376261315C7537343036222C227065726D697373696F6E5F636F6465223A226665617475726573222C227065726D697373696F6E5F74797065223A22636F6E74726F6C6C6572222C227065726D697373696F6E5F64657363223A225C75353239665C75383066645C75376261315C75373430365C75363361375C75353233365C7535363638222C22737461747573223A2231222C227065726D697373696F6E5F76616C7565223A2231222C22706172656E745F6964223A2230222C22637265617465645F6174223A2230222C22637265617465645F6279223A2230222C22757064617465645F6174223A2230222C22757064617465645F6279223A2230227D2C7B227379735F7065726D697373696F6E5F6964223A2232303130222C227065726D697373696F6E5F6E616D65223A225C75393565655C75353337375C75376261315C7537343036222C227065726D697373696F6E5F636F6465223A22222C227065726D697373696F6E5F74797065223A22222C227065726D697373696F6E5F64657363223A225C75346538635C75376561375C75383364635C75353335355C75346563355C75353035615C75363633655C7537393361222C22737461747573223A2231222C227065726D697373696F6E5F76616C7565223A2231222C22706172656E745F6964223A2232303030222C22637265617465645F6174223A2230222C22637265617465645F6279223A2230222C22757064617465645F6174223A2230222C22757064617465645F6279223A2230227D2C7B227379735F7065726D697373696F6E5F6964223A2232303230222C227065726D697373696F6E5F6E616D65223A225C75393565655C75353337375C75353231375C75383836385C75376261315C7537343036222C227065726D697373696F6E5F636F6465223A227175657374696F6E222C227065726D697373696F6E5F74797065223A2266756E6374696F6E222C227065726D697373696F6E5F64657363223A225C75393837355C7539373632222C22737461747573223A2231222C227065726D697373696F6E5F76616C7565223A2231222C22706172656E745F6964223A2232303130222C22637265617465645F6174223A2230222C22637265617465645F6279223A2230222C22757064617465645F6174223A2230222C22757064617465645F6279223A2230227D2C7B227379735F7065726D697373696F6E5F6964223A2232303231222C227065726D697373696F6E5F6E616D65223A225C75383362375C75353364365C75393565655C75353337375C75353231375C75383836385C75363537305C7536333665222C227065726D697373696F6E5F636F6465223A226765745F7175657374696F6E222C227065726D697373696F6E5F74797065223A2266756E6374696F6E222C227065726D697373696F6E5F64657363223A22676574222C22737461747573223A2231222C227065726D697373696F6E5F76616C7565223A2231222C22706172656E745F6964223A2232303230222C22637265617465645F6174223A2230222C22637265617465645F6279223A2230222C22757064617465645F6174223A2230222C22757064617465645F6279223A2230227D2C7B227379735F7065726D697373696F6E5F6964223A2232303232222C227065726D697373696F6E5F6E616D65223A225C75363463645C75346635635C75393565655C7535333737222C227065726D697373696F6E5F636F6465223A22736176655F7175657374696F6E222C227065726D697373696F6E5F74797065223A2266756E6374696F6E222C227065726D697373696F6E5F64657363223A22616374696F6E222C22737461747573223A2231222C227065726D697373696F6E5F76616C7565223A2231222C22706172656E745F6964223A2232303230222C22637265617465645F6174223A2230222C22637265617465645F6279223A2230222C22757064617465645F6174223A2230222C22757064617465645F6279223A2230227D2C7B227379735F7065726D697373696F6E5F6964223A2232303233222C227065726D697373696F6E5F6E616D65223A225C75363765355C75373730625C75393565655C75353337375C75363364305C75346561345C75376564665C7538626131222C227065726D697373696F6E5F636F6465223A226765745F7175657374696F6E5F64657461696C222C227065726D697373696F6E5F74797065223A2266756E6374696F6E222C227065726D697373696F6E5F64657363223A226765742064657461696C222C22737461747573223A2231222C227065726D697373696F6E5F76616C7565223A2231222C22706172656E745F6964223A2232303232222C22637265617465645F6174223A2230222C22637265617465645F6279223A2230222C22757064617465645F6174223A2230222C22757064617465645F6279223A2230227D2C7B227379735F7065726D697373696F6E5F6964223A2232303234222C227065726D697373696F6E5F6E616D65223A225C75363562305C75353839655C75393565655C7535333737222C227065726D697373696F6E5F636F6465223A22616464222C227065726D697373696F6E5F74797065223A22616374696F6E222C227065726D697373696F6E5F64657363223A22616464222C22737461747573223A2231222C227065726D697373696F6E5F76616C7565223A2231222C22706172656E745F6964223A2232303232222C22637265617465645F6174223A2230222C22637265617465645F6279223A2230222C22757064617465645F6174223A2230222C22757064617465645F6279223A2230227D2C7B227379735F7065726D697373696F6E5F6964223A2232303235222C227065726D697373696F6E5F6E616D65223A225C75346665655C75363533395C75393565655C7535333737222C227065726D697373696F6E5F636F6465223A2265646974222C227065726D697373696F6E5F74797065223A22616374696F6E222C227065726D697373696F6E5F64657363223A2265646974222C22737461747573223A2231222C227065726D697373696F6E5F76616C7565223A2231222C22706172656E745F6964223A2232303232222C22637265617465645F6174223A2230222C22637265617465645F6279223A2230222C22757064617465645F6174223A2230222C22757064617465645F6279223A2230227D2C7B227379735F7065726D697373696F6E5F6964223A2232303236222C227065726D697373696F6E5F6E616D65223A225C75353232305C75393636345C75393565655C7535333737222C227065726D697373696F6E5F636F6465223A2264656C222C227065726D697373696F6E5F74797065223A22616374696F6E222C227065726D697373696F6E5F64657363223A2264656C222C22737461747573223A2231222C227065726D697373696F6E5F76616C7565223A2231222C22706172656E745F6964223A2232303232222C22637265617465645F6174223A2230222C22637265617465645F6279223A2230222C22757064617465645F6174223A2230222C22757064617465645F6279223A2230227D2C7B227379735F7065726D697373696F6E5F6964223A2232303330222C227065726D697373696F6E5F6E616D65223A225C75393565655C75353337375C75363364305C75346561345C75353231375C75383836385C75376261315C7537343036222C227065726D697373696F6E5F636F6465223A227175657374696F6E5F636F6C6C656374222C227065726D697373696F6E5F74797065223A2266756E6374696F6E222C227065726D697373696F6E5F64657363223A225C75393837355C7539373632222C22737461747573223A2231222C227065726D697373696F6E5F76616C7565223A2231222C22706172656E745F6964223A2232303130222C22637265617465645F6174223A2230222C22637265617465645F6279223A2230222C22757064617465645F6174223A2230222C22757064617465645F6279223A2230227D2C7B227379735F7065726D697373696F6E5F6964223A2232303331222C227065726D697373696F6E5F6E616D65223A225C75383362375C75353364365C75393565655C75353337375C75363364305C75346561345C75353231375C75383836385C75363537305C7536333665222C227065726D697373696F6E5F636F6465223A226765745F7175657374696F6E5F636F6C6C656374222C227065726D697373696F6E5F74797065223A2266756E6374696F6E222C227065726D697373696F6E5F64657363223A22676574222C22737461747573223A2231222C227065726D697373696F6E5F76616C7565223A2231222C22706172656E745F6964223A2232303330222C22637265617465645F6174223A2230222C22637265617465645F6279223A2230222C22757064617465645F6174223A2230222C22757064617465645F6279223A2230227D2C7B227379735F7065726D697373696F6E5F6964223A2232303332222C227065726D697373696F6E5F6E616D65223A225C75363463645C75346635635C75393565655C75353337375C75363364305C7534656134222C227065726D697373696F6E5F636F6465223A22736176655F7175657374696F6E5F636F6C6C656374222C227065726D697373696F6E5F74797065223A2266756E6374696F6E222C227065726D697373696F6E5F64657363223A22616374696F6E222C22737461747573223A2231222C227065726D697373696F6E5F76616C7565223A2231222C22706172656E745F6964223A2232303330222C22637265617465645F6174223A2230222C22637265617465645F6279223A2230222C22757064617465645F6174223A2230222C22757064617465645F6279223A2230227D2C7B227379735F7065726D697373696F6E5F6964223A2232303333222C227065726D697373696F6E5F6E616D65223A225C75363765355C75373730625C75393565655C75353337375C75363364305C75346561345C75386265365C7536306335222C227065726D697373696F6E5F636F6465223A226765745F7175657374696F6E5F64657461696C5F616E645F7175657374696F6E5F636F6C6C6563745F64657461696C222C227065726D697373696F6E5F74797065223A2266756E6374696F6E222C227065726D697373696F6E5F64657363223A226765742064657461696C222C22737461747573223A2231222C227065726D697373696F6E5F76616C7565223A2231222C22706172656E745F6964223A2232303332222C22637265617465645F6174223A2230222C22637265617465645F6279223A2230222C22757064617465645F6174223A2230222C22757064617465645F6279223A2230227D2C7B227379735F7065726D697373696F6E5F6964223A2232303334222C227065726D697373696F6E5F6E616D65223A225C75353232305C75393636345C75393565655C75353337375C75363364305C7534656134222C227065726D697373696F6E5F636F6465223A2264656C222C227065726D697373696F6E5F74797065223A22616374696F6E222C227065726D697373696F6E5F64657363223A2264656C222C22737461747573223A2231222C227065726D697373696F6E5F76616C7565223A2231222C22706172656E745F6964223A2232303332222C22637265617465645F6174223A2230222C22637265617465645F6279223A2230222C22757064617465645F6174223A2230222C22757064617465645F6279223A2230227D5D223B);
INSERT INTO `q_sessions` VALUES ('mqsl9p9jh7816ib18ts465o5u0mf5b73', '10.0.19.132', 1522070829, 0x5F5F63695F6C6173745F726567656E65726174657C693A313532323037303832383B7379735F757365727C4F3A383A22737464436C617373223A31303A7B733A31313A227379735F757365725F6964223B733A313A2231223B733A393A22757365725F6E616D65223B733A353A2261646D696E223B733A383A2270617373776F7264223B733A34303A2233366135313631363337623061363461363138343833323637383034333136323636656234656433223B733A31313A227379735F726F6C655F6964223B733A313A2231223B733A363A22737461747573223B733A313A2231223B733A31303A22637265617465645F6174223B733A313A2231223B733A31303A22757064617465645F6174223B733A31303A2231353231383831373433223B733A31303A22637265617465645F6279223B733A313A2231223B733A31303A22757064617465645F6279223B733A313A2232223B733A31383A227379735F7065726D697373696F6E5F696473223B733A3133343A22313030302C313032302C313032312C313032322C313032332C313032342C313032352C313033302C313033312C313033322C313033332C313033342C313033352C323030302C323031302C323032302C323032312C323032322C323032332C323032342C323032352C323032362C323033302C323033312C323033322C323033332C32303334223B7D7379735F7065726D697373696F6E737C733A383337313A225B7B227379735F7065726D697373696F6E5F6964223A2231222C227065726D697373696F6E5F6E616D65223A2241646D696E222C227065726D697373696F6E5F636F6465223A2261646D696E222C227065726D697373696F6E5F74797065223A22636F6E74726F6C6C6572222C227065726D697373696F6E5F64657363223A2261646D696E20636F6E74726F6C6C6572222C22737461747573223A2231222C227065726D697373696F6E5F76616C7565223A2231222C22706172656E745F6964223A2230222C22637265617465645F6174223A2230222C22637265617465645F6279223A2230222C22757064617465645F6174223A2230222C22757064617465645F6279223A2230227D2C7B227379735F7065726D697373696F6E5F6964223A2231303030222C227065726D697373696F6E5F6E616D65223A225C75376366625C75376564665C75376261315C7537343036222C227065726D697373696F6E5F636F6465223A2273797374656D222C227065726D697373696F6E5F74797065223A22636F6E74726F6C6C6572222C227065726D697373696F6E5F64657363223A225C75376366625C75376564665C75376261315C75373430365C75363361375C75353233365C7535363638222C22737461747573223A2231222C227065726D697373696F6E5F76616C7565223A2231222C22706172656E745F6964223A2230222C22637265617465645F6174223A2230222C22637265617465645F6279223A2230222C22757064617465645F6174223A2230222C22757064617465645F6279223A2230227D2C7B227379735F7065726D697373696F6E5F6964223A2231303230222C227065726D697373696F6E5F6E616D65223A225C75376366625C75376564665C75383964325C75383237325C75376261315C7537343036222C227065726D697373696F6E5F636F6465223A227379735F726F6C65222C227065726D697373696F6E5F74797065223A2266756E6374696F6E222C227065726D697373696F6E5F64657363223A225C75393837355C7539373632222C22737461747573223A2231222C227065726D697373696F6E5F76616C7565223A2231222C22706172656E745F6964223A2231303030222C22637265617465645F6174223A2230222C22637265617465645F6279223A2230222C22757064617465645F6174223A2230222C22757064617465645F6279223A2230227D2C7B227379735F7065726D697373696F6E5F6964223A2231303231222C227065726D697373696F6E5F6E616D65223A225C75383362375C75353364365C75376366625C75376564665C75383964325C75383237325C75353231375C75383836385C75363537305C7536333665222C227065726D697373696F6E5F636F6465223A226765745F7379735F726F6C65222C227065726D697373696F6E5F74797065223A2266756E6374696F6E222C227065726D697373696F6E5F64657363223A22676574222C22737461747573223A2231222C227065726D697373696F6E5F76616C7565223A2231222C22706172656E745F6964223A2231303230222C22637265617465645F6174223A2230222C22637265617465645F6279223A2230222C22757064617465645F6174223A2230222C22757064617465645F6279223A2230227D2C7B227379735F7065726D697373696F6E5F6964223A2231303232222C227065726D697373696F6E5F6E616D65223A225C75363463645C75346635635C75376366625C75376564665C75383964325C7538323732222C227065726D697373696F6E5F636F6465223A22736176655F7379735F726F6C65222C227065726D697373696F6E5F74797065223A2266756E6374696F6E222C227065726D697373696F6E5F64657363223A22616374696F6E222C22737461747573223A2231222C227065726D697373696F6E5F76616C7565223A2231222C22706172656E745F6964223A2231303230222C22637265617465645F6174223A2230222C22637265617465645F6279223A2230222C22757064617465645F6174223A2230222C22757064617465645F6279223A2230227D2C7B227379735F7065726D697373696F6E5F6964223A2231303233222C227065726D697373696F6E5F6E616D65223A225C75363562305C75353839655C75376366625C75376564665C75383964325C7538323732222C227065726D697373696F6E5F636F6465223A22616464222C227065726D697373696F6E5F74797065223A22616374696F6E222C227065726D697373696F6E5F64657363223A22616464222C22737461747573223A2231222C227065726D697373696F6E5F76616C7565223A2231222C22706172656E745F6964223A2231303232222C22637265617465645F6174223A2230222C22637265617465645F6279223A2230222C22757064617465645F6174223A2230222C22757064617465645F6279223A2230227D2C7B227379735F7065726D697373696F6E5F6964223A2231303234222C227065726D697373696F6E5F6E616D65223A225C75346665655C75363533395C75376366625C75376564665C75383964325C7538323732222C227065726D697373696F6E5F636F6465223A2265646974222C227065726D697373696F6E5F74797065223A22616374696F6E222C227065726D697373696F6E5F64657363223A2265646974222C22737461747573223A2231222C227065726D697373696F6E5F76616C7565223A2231222C22706172656E745F6964223A2231303232222C22637265617465645F6174223A2230222C22637265617465645F6279223A2230222C22757064617465645F6174223A2230222C22757064617465645F6279223A2230227D2C7B227379735F7065726D697373696F6E5F6964223A2231303235222C227065726D697373696F6E5F6E616D65223A225C75353232305C75393636345C75376366625C75376564665C75383964325C7538323732222C227065726D697373696F6E5F636F6465223A2264656C222C227065726D697373696F6E5F74797065223A22616374696F6E222C227065726D697373696F6E5F64657363223A2264656C222C22737461747573223A2231222C227065726D697373696F6E5F76616C7565223A2231222C22706172656E745F6964223A2231303232222C22637265617465645F6174223A2230222C22637265617465645F6279223A2230222C22757064617465645F6174223A2230222C22757064617465645F6279223A2230227D2C7B227379735F7065726D697373696F6E5F6964223A2231303330222C227065726D697373696F6E5F6E616D65223A225C75376366625C75376564665C75373532385C75363233375C75376261315C7537343036222C227065726D697373696F6E5F636F6465223A227379735F75736572222C227065726D697373696F6E5F74797065223A2266756E6374696F6E222C227065726D697373696F6E5F64657363223A225C75393837355C7539373632222C22737461747573223A2231222C227065726D697373696F6E5F76616C7565223A2231222C22706172656E745F6964223A2231303030222C22637265617465645F6174223A2230222C22637265617465645F6279223A2230222C22757064617465645F6174223A2230222C22757064617465645F6279223A2230227D2C7B227379735F7065726D697373696F6E5F6964223A2231303331222C227065726D697373696F6E5F6E616D65223A225C75383362375C75353364365C75376366625C75376564665C75373532385C75363233375C75353231375C75383836385C75363537305C7536333665222C227065726D697373696F6E5F636F6465223A226765745F7379735F75736572222C227065726D697373696F6E5F74797065223A2266756E6374696F6E222C227065726D697373696F6E5F64657363223A22676574222C22737461747573223A2231222C227065726D697373696F6E5F76616C7565223A2231222C22706172656E745F6964223A2231303330222C22637265617465645F6174223A2230222C22637265617465645F6279223A2230222C22757064617465645F6174223A2230222C22757064617465645F6279223A2230227D2C7B227379735F7065726D697373696F6E5F6964223A2231303332222C227065726D697373696F6E5F6E616D65223A225C75363463645C75346635635C75376366625C75376564665C75373532385C7536323337222C227065726D697373696F6E5F636F6465223A22736176655F7379735F75736572222C227065726D697373696F6E5F74797065223A2266756E6374696F6E222C227065726D697373696F6E5F64657363223A22616374696F6E222C22737461747573223A2231222C227065726D697373696F6E5F76616C7565223A2231222C22706172656E745F6964223A2231303330222C22637265617465645F6174223A2230222C22637265617465645F6279223A2230222C22757064617465645F6174223A2230222C22757064617465645F6279223A2230227D2C7B227379735F7065726D697373696F6E5F6964223A2231303333222C227065726D697373696F6E5F6E616D65223A225C75363562305C75353839655C75376366625C75376564665C75373532385C7536323337222C227065726D697373696F6E5F636F6465223A22616464222C227065726D697373696F6E5F74797065223A22616374696F6E222C227065726D697373696F6E5F64657363223A22616464222C22737461747573223A2231222C227065726D697373696F6E5F76616C7565223A2231222C22706172656E745F6964223A2231303332222C22637265617465645F6174223A2230222C22637265617465645F6279223A2230222C22757064617465645F6174223A2230222C22757064617465645F6279223A2230227D2C7B227379735F7065726D697373696F6E5F6964223A2231303334222C227065726D697373696F6E5F6E616D65223A225C75346665655C75363533395C75376366625C75376564665C75373532385C7536323337222C227065726D697373696F6E5F636F6465223A2265646974222C227065726D697373696F6E5F74797065223A22616374696F6E222C227065726D697373696F6E5F64657363223A2265646974222C22737461747573223A2231222C227065726D697373696F6E5F76616C7565223A2231222C22706172656E745F6964223A2231303332222C22637265617465645F6174223A2230222C22637265617465645F6279223A2230222C22757064617465645F6174223A2230222C22757064617465645F6279223A2230227D2C7B227379735F7065726D697373696F6E5F6964223A2231303335222C227065726D697373696F6E5F6E616D65223A225C75353232305C75393636345C75376366625C75376564665C75373532385C7536323337222C227065726D697373696F6E5F636F6465223A2264656C222C227065726D697373696F6E5F74797065223A22616374696F6E222C227065726D697373696F6E5F64657363223A2264656C222C22737461747573223A2231222C227065726D697373696F6E5F76616C7565223A2231222C22706172656E745F6964223A2231303332222C22637265617465645F6174223A2230222C22637265617465645F6279223A2230222C22757064617465645F6174223A2230222C22757064617465645F6279223A2230227D2C7B227379735F7065726D697373696F6E5F6964223A2232303030222C227065726D697373696F6E5F6E616D65223A225C75353239665C75383066645C75376261315C7537343036222C227065726D697373696F6E5F636F6465223A226665617475726573222C227065726D697373696F6E5F74797065223A22636F6E74726F6C6C6572222C227065726D697373696F6E5F64657363223A225C75353239665C75383066645C75376261315C75373430365C75363361375C75353233365C7535363638222C22737461747573223A2231222C227065726D697373696F6E5F76616C7565223A2231222C22706172656E745F6964223A2230222C22637265617465645F6174223A2230222C22637265617465645F6279223A2230222C22757064617465645F6174223A2230222C22757064617465645F6279223A2230227D2C7B227379735F7065726D697373696F6E5F6964223A2232303130222C227065726D697373696F6E5F6E616D65223A225C75393565655C75353337375C75376261315C7537343036222C227065726D697373696F6E5F636F6465223A22222C227065726D697373696F6E5F74797065223A22222C227065726D697373696F6E5F64657363223A225C75346538635C75376561375C75383364635C75353335355C75346563355C75353035615C75363633655C7537393361222C22737461747573223A2231222C227065726D697373696F6E5F76616C7565223A2231222C22706172656E745F6964223A2232303030222C22637265617465645F6174223A2230222C22637265617465645F6279223A2230222C22757064617465645F6174223A2230222C22757064617465645F6279223A2230227D2C7B227379735F7065726D697373696F6E5F6964223A2232303230222C227065726D697373696F6E5F6E616D65223A225C75393565655C75353337375C75353231375C75383836385C75376261315C7537343036222C227065726D697373696F6E5F636F6465223A227175657374696F6E222C227065726D697373696F6E5F74797065223A2266756E6374696F6E222C227065726D697373696F6E5F64657363223A225C75393837355C7539373632222C22737461747573223A2231222C227065726D697373696F6E5F76616C7565223A2231222C22706172656E745F6964223A2232303130222C22637265617465645F6174223A2230222C22637265617465645F6279223A2230222C22757064617465645F6174223A2230222C22757064617465645F6279223A2230227D2C7B227379735F7065726D697373696F6E5F6964223A2232303231222C227065726D697373696F6E5F6E616D65223A225C75383362375C75353364365C75393565655C75353337375C75353231375C75383836385C75363537305C7536333665222C227065726D697373696F6E5F636F6465223A226765745F7175657374696F6E222C227065726D697373696F6E5F74797065223A2266756E6374696F6E222C227065726D697373696F6E5F64657363223A22676574222C22737461747573223A2231222C227065726D697373696F6E5F76616C7565223A2231222C22706172656E745F6964223A2232303230222C22637265617465645F6174223A2230222C22637265617465645F6279223A2230222C22757064617465645F6174223A2230222C22757064617465645F6279223A2230227D2C7B227379735F7065726D697373696F6E5F6964223A2232303232222C227065726D697373696F6E5F6E616D65223A225C75363463645C75346635635C75393565655C7535333737222C227065726D697373696F6E5F636F6465223A22736176655F7175657374696F6E222C227065726D697373696F6E5F74797065223A2266756E6374696F6E222C227065726D697373696F6E5F64657363223A22616374696F6E222C22737461747573223A2231222C227065726D697373696F6E5F76616C7565223A2231222C22706172656E745F6964223A2232303230222C22637265617465645F6174223A2230222C22637265617465645F6279223A2230222C22757064617465645F6174223A2230222C22757064617465645F6279223A2230227D2C7B227379735F7065726D697373696F6E5F6964223A2232303233222C227065726D697373696F6E5F6E616D65223A225C75363765355C75373730625C75393565655C75353337375C75363364305C75346561345C75376564665C7538626131222C227065726D697373696F6E5F636F6465223A226765745F7175657374696F6E5F64657461696C222C227065726D697373696F6E5F74797065223A2266756E6374696F6E222C227065726D697373696F6E5F64657363223A226765742064657461696C222C22737461747573223A2231222C227065726D697373696F6E5F76616C7565223A2231222C22706172656E745F6964223A2232303232222C22637265617465645F6174223A2230222C22637265617465645F6279223A2230222C22757064617465645F6174223A2230222C22757064617465645F6279223A2230227D2C7B227379735F7065726D697373696F6E5F6964223A2232303234222C227065726D697373696F6E5F6E616D65223A225C75363562305C75353839655C75393565655C7535333737222C227065726D697373696F6E5F636F6465223A22616464222C227065726D697373696F6E5F74797065223A22616374696F6E222C227065726D697373696F6E5F64657363223A22616464222C22737461747573223A2231222C227065726D697373696F6E5F76616C7565223A2231222C22706172656E745F6964223A2232303232222C22637265617465645F6174223A2230222C22637265617465645F6279223A2230222C22757064617465645F6174223A2230222C22757064617465645F6279223A2230227D2C7B227379735F7065726D697373696F6E5F6964223A2232303235222C227065726D697373696F6E5F6E616D65223A225C75346665655C75363533395C75393565655C7535333737222C227065726D697373696F6E5F636F6465223A2265646974222C227065726D697373696F6E5F74797065223A22616374696F6E222C227065726D697373696F6E5F64657363223A2265646974222C22737461747573223A2231222C227065726D697373696F6E5F76616C7565223A2231222C22706172656E745F6964223A2232303232222C22637265617465645F6174223A2230222C22637265617465645F6279223A2230222C22757064617465645F6174223A2230222C22757064617465645F6279223A2230227D2C7B227379735F7065726D697373696F6E5F6964223A2232303236222C227065726D697373696F6E5F6E616D65223A225C75353232305C75393636345C75393565655C7535333737222C227065726D697373696F6E5F636F6465223A2264656C222C227065726D697373696F6E5F74797065223A22616374696F6E222C227065726D697373696F6E5F64657363223A2264656C222C22737461747573223A2231222C227065726D697373696F6E5F76616C7565223A2231222C22706172656E745F6964223A2232303232222C22637265617465645F6174223A2230222C22637265617465645F6279223A2230222C22757064617465645F6174223A2230222C22757064617465645F6279223A2230227D2C7B227379735F7065726D697373696F6E5F6964223A2232303330222C227065726D697373696F6E5F6E616D65223A225C75393565655C75353337375C75363364305C75346561345C75353231375C75383836385C75376261315C7537343036222C227065726D697373696F6E5F636F6465223A227175657374696F6E5F636F6C6C656374222C227065726D697373696F6E5F74797065223A2266756E6374696F6E222C227065726D697373696F6E5F64657363223A225C75393837355C7539373632222C22737461747573223A2231222C227065726D697373696F6E5F76616C7565223A2231222C22706172656E745F6964223A2232303130222C22637265617465645F6174223A2230222C22637265617465645F6279223A2230222C22757064617465645F6174223A2230222C22757064617465645F6279223A2230227D2C7B227379735F7065726D697373696F6E5F6964223A2232303331222C227065726D697373696F6E5F6E616D65223A225C75383362375C75353364365C75393565655C75353337375C75363364305C75346561345C75353231375C75383836385C75363537305C7536333665222C227065726D697373696F6E5F636F6465223A226765745F7175657374696F6E5F636F6C6C656374222C227065726D697373696F6E5F74797065223A2266756E6374696F6E222C227065726D697373696F6E5F64657363223A22676574222C22737461747573223A2231222C227065726D697373696F6E5F76616C7565223A2231222C22706172656E745F6964223A2232303330222C22637265617465645F6174223A2230222C22637265617465645F6279223A2230222C22757064617465645F6174223A2230222C22757064617465645F6279223A2230227D2C7B227379735F7065726D697373696F6E5F6964223A2232303332222C227065726D697373696F6E5F6E616D65223A225C75363463645C75346635635C75393565655C75353337375C75363364305C7534656134222C227065726D697373696F6E5F636F6465223A22736176655F7175657374696F6E5F636F6C6C656374222C227065726D697373696F6E5F74797065223A2266756E6374696F6E222C227065726D697373696F6E5F64657363223A22616374696F6E222C22737461747573223A2231222C227065726D697373696F6E5F76616C7565223A2231222C22706172656E745F6964223A2232303330222C22637265617465645F6174223A2230222C22637265617465645F6279223A2230222C22757064617465645F6174223A2230222C22757064617465645F6279223A2230227D2C7B227379735F7065726D697373696F6E5F6964223A2232303333222C227065726D697373696F6E5F6E616D65223A225C75363765355C75373730625C75393565655C75353337375C75363364305C75346561345C75386265365C7536306335222C227065726D697373696F6E5F636F6465223A226765745F7175657374696F6E5F64657461696C5F616E645F7175657374696F6E5F636F6C6C6563745F64657461696C222C227065726D697373696F6E5F74797065223A2266756E6374696F6E222C227065726D697373696F6E5F64657363223A226765742064657461696C222C22737461747573223A2231222C227065726D697373696F6E5F76616C7565223A2231222C22706172656E745F6964223A2232303332222C22637265617465645F6174223A2230222C22637265617465645F6279223A2230222C22757064617465645F6174223A2230222C22757064617465645F6279223A2230227D2C7B227379735F7065726D697373696F6E5F6964223A2232303334222C227065726D697373696F6E5F6E616D65223A225C75353232305C75393636345C75393565655C75353337375C75363364305C7534656134222C227065726D697373696F6E5F636F6465223A2264656C222C227065726D697373696F6E5F74797065223A22616374696F6E222C227065726D697373696F6E5F64657363223A2264656C222C22737461747573223A2231222C227065726D697373696F6E5F76616C7565223A2231222C22706172656E745F6964223A2232303332222C22637265617465645F6174223A2230222C22637265617465645F6279223A2230222C22757064617465645F6174223A2230222C22757064617465645F6279223A2230227D5D223B);
INSERT INTO `q_sessions` VALUES ('s4nbkv9u3nfqgd8hssrpuddf1vujve9e', '127.0.0.1', 1566806440, 0x5F5F63695F6C6173745F726567656E65726174657C693A313536363830363133323B7379735F757365727C4F3A383A22737464436C617373223A31303A7B733A31313A227379735F757365725F6964223B733A313A2231223B733A393A22757365725F6E616D65223B733A353A2261646D696E223B733A383A2270617373776F7264223B733A34303A2233366135313631363337623061363461363138343833323637383034333136323636656234656433223B733A31313A227379735F726F6C655F6964223B733A313A2231223B733A363A22737461747573223B733A313A2231223B733A31303A22637265617465645F6174223B733A313A2231223B733A31303A22757064617465645F6174223B733A31303A2231353232303730373430223B733A31303A22637265617465645F6279223B733A313A2231223B733A31303A22757064617465645F6279223B733A313A2231223B733A31383A227379735F7065726D697373696F6E5F696473223B733A3133343A22313030302C313032302C313032312C313032322C313032332C313032342C313032352C313033302C313033312C313033322C313033332C313033342C313033352C323030302C323031302C323032302C323032312C323032322C323032332C323032342C323032352C323032362C323033302C323033312C323033322C323033332C32303334223B7D7379735F7065726D697373696F6E737C733A383337313A225B7B227379735F7065726D697373696F6E5F6964223A2231222C227065726D697373696F6E5F6E616D65223A2241646D696E222C227065726D697373696F6E5F636F6465223A2261646D696E222C227065726D697373696F6E5F74797065223A22636F6E74726F6C6C6572222C227065726D697373696F6E5F64657363223A2261646D696E20636F6E74726F6C6C6572222C22737461747573223A2231222C227065726D697373696F6E5F76616C7565223A2231222C22706172656E745F6964223A2230222C22637265617465645F6174223A2230222C22637265617465645F6279223A2230222C22757064617465645F6174223A2230222C22757064617465645F6279223A2230227D2C7B227379735F7065726D697373696F6E5F6964223A2231303030222C227065726D697373696F6E5F6E616D65223A225C75376366625C75376564665C75376261315C7537343036222C227065726D697373696F6E5F636F6465223A2273797374656D222C227065726D697373696F6E5F74797065223A22636F6E74726F6C6C6572222C227065726D697373696F6E5F64657363223A225C75376366625C75376564665C75376261315C75373430365C75363361375C75353233365C7535363638222C22737461747573223A2231222C227065726D697373696F6E5F76616C7565223A2231222C22706172656E745F6964223A2230222C22637265617465645F6174223A2230222C22637265617465645F6279223A2230222C22757064617465645F6174223A2230222C22757064617465645F6279223A2230227D2C7B227379735F7065726D697373696F6E5F6964223A2231303230222C227065726D697373696F6E5F6E616D65223A225C75376366625C75376564665C75383964325C75383237325C75376261315C7537343036222C227065726D697373696F6E5F636F6465223A227379735F726F6C65222C227065726D697373696F6E5F74797065223A2266756E6374696F6E222C227065726D697373696F6E5F64657363223A225C75393837355C7539373632222C22737461747573223A2231222C227065726D697373696F6E5F76616C7565223A2231222C22706172656E745F6964223A2231303030222C22637265617465645F6174223A2230222C22637265617465645F6279223A2230222C22757064617465645F6174223A2230222C22757064617465645F6279223A2230227D2C7B227379735F7065726D697373696F6E5F6964223A2231303231222C227065726D697373696F6E5F6E616D65223A225C75383362375C75353364365C75376366625C75376564665C75383964325C75383237325C75353231375C75383836385C75363537305C7536333665222C227065726D697373696F6E5F636F6465223A226765745F7379735F726F6C65222C227065726D697373696F6E5F74797065223A2266756E6374696F6E222C227065726D697373696F6E5F64657363223A22676574222C22737461747573223A2231222C227065726D697373696F6E5F76616C7565223A2231222C22706172656E745F6964223A2231303230222C22637265617465645F6174223A2230222C22637265617465645F6279223A2230222C22757064617465645F6174223A2230222C22757064617465645F6279223A2230227D2C7B227379735F7065726D697373696F6E5F6964223A2231303232222C227065726D697373696F6E5F6E616D65223A225C75363463645C75346635635C75376366625C75376564665C75383964325C7538323732222C227065726D697373696F6E5F636F6465223A22736176655F7379735F726F6C65222C227065726D697373696F6E5F74797065223A2266756E6374696F6E222C227065726D697373696F6E5F64657363223A22616374696F6E222C22737461747573223A2231222C227065726D697373696F6E5F76616C7565223A2231222C22706172656E745F6964223A2231303230222C22637265617465645F6174223A2230222C22637265617465645F6279223A2230222C22757064617465645F6174223A2230222C22757064617465645F6279223A2230227D2C7B227379735F7065726D697373696F6E5F6964223A2231303233222C227065726D697373696F6E5F6E616D65223A225C75363562305C75353839655C75376366625C75376564665C75383964325C7538323732222C227065726D697373696F6E5F636F6465223A22616464222C227065726D697373696F6E5F74797065223A22616374696F6E222C227065726D697373696F6E5F64657363223A22616464222C22737461747573223A2231222C227065726D697373696F6E5F76616C7565223A2231222C22706172656E745F6964223A2231303232222C22637265617465645F6174223A2230222C22637265617465645F6279223A2230222C22757064617465645F6174223A2230222C22757064617465645F6279223A2230227D2C7B227379735F7065726D697373696F6E5F6964223A2231303234222C227065726D697373696F6E5F6E616D65223A225C75346665655C75363533395C75376366625C75376564665C75383964325C7538323732222C227065726D697373696F6E5F636F6465223A2265646974222C227065726D697373696F6E5F74797065223A22616374696F6E222C227065726D697373696F6E5F64657363223A2265646974222C22737461747573223A2231222C227065726D697373696F6E5F76616C7565223A2231222C22706172656E745F6964223A2231303232222C22637265617465645F6174223A2230222C22637265617465645F6279223A2230222C22757064617465645F6174223A2230222C22757064617465645F6279223A2230227D2C7B227379735F7065726D697373696F6E5F6964223A2231303235222C227065726D697373696F6E5F6E616D65223A225C75353232305C75393636345C75376366625C75376564665C75383964325C7538323732222C227065726D697373696F6E5F636F6465223A2264656C222C227065726D697373696F6E5F74797065223A22616374696F6E222C227065726D697373696F6E5F64657363223A2264656C222C22737461747573223A2231222C227065726D697373696F6E5F76616C7565223A2231222C22706172656E745F6964223A2231303232222C22637265617465645F6174223A2230222C22637265617465645F6279223A2230222C22757064617465645F6174223A2230222C22757064617465645F6279223A2230227D2C7B227379735F7065726D697373696F6E5F6964223A2231303330222C227065726D697373696F6E5F6E616D65223A225C75376366625C75376564665C75373532385C75363233375C75376261315C7537343036222C227065726D697373696F6E5F636F6465223A227379735F75736572222C227065726D697373696F6E5F74797065223A2266756E6374696F6E222C227065726D697373696F6E5F64657363223A225C75393837355C7539373632222C22737461747573223A2231222C227065726D697373696F6E5F76616C7565223A2231222C22706172656E745F6964223A2231303030222C22637265617465645F6174223A2230222C22637265617465645F6279223A2230222C22757064617465645F6174223A2230222C22757064617465645F6279223A2230227D2C7B227379735F7065726D697373696F6E5F6964223A2231303331222C227065726D697373696F6E5F6E616D65223A225C75383362375C75353364365C75376366625C75376564665C75373532385C75363233375C75353231375C75383836385C75363537305C7536333665222C227065726D697373696F6E5F636F6465223A226765745F7379735F75736572222C227065726D697373696F6E5F74797065223A2266756E6374696F6E222C227065726D697373696F6E5F64657363223A22676574222C22737461747573223A2231222C227065726D697373696F6E5F76616C7565223A2231222C22706172656E745F6964223A2231303330222C22637265617465645F6174223A2230222C22637265617465645F6279223A2230222C22757064617465645F6174223A2230222C22757064617465645F6279223A2230227D2C7B227379735F7065726D697373696F6E5F6964223A2231303332222C227065726D697373696F6E5F6E616D65223A225C75363463645C75346635635C75376366625C75376564665C75373532385C7536323337222C227065726D697373696F6E5F636F6465223A22736176655F7379735F75736572222C227065726D697373696F6E5F74797065223A2266756E6374696F6E222C227065726D697373696F6E5F64657363223A22616374696F6E222C22737461747573223A2231222C227065726D697373696F6E5F76616C7565223A2231222C22706172656E745F6964223A2231303330222C22637265617465645F6174223A2230222C22637265617465645F6279223A2230222C22757064617465645F6174223A2230222C22757064617465645F6279223A2230227D2C7B227379735F7065726D697373696F6E5F6964223A2231303333222C227065726D697373696F6E5F6E616D65223A225C75363562305C75353839655C75376366625C75376564665C75373532385C7536323337222C227065726D697373696F6E5F636F6465223A22616464222C227065726D697373696F6E5F74797065223A22616374696F6E222C227065726D697373696F6E5F64657363223A22616464222C22737461747573223A2231222C227065726D697373696F6E5F76616C7565223A2231222C22706172656E745F6964223A2231303332222C22637265617465645F6174223A2230222C22637265617465645F6279223A2230222C22757064617465645F6174223A2230222C22757064617465645F6279223A2230227D2C7B227379735F7065726D697373696F6E5F6964223A2231303334222C227065726D697373696F6E5F6E616D65223A225C75346665655C75363533395C75376366625C75376564665C75373532385C7536323337222C227065726D697373696F6E5F636F6465223A2265646974222C227065726D697373696F6E5F74797065223A22616374696F6E222C227065726D697373696F6E5F64657363223A2265646974222C22737461747573223A2231222C227065726D697373696F6E5F76616C7565223A2231222C22706172656E745F6964223A2231303332222C22637265617465645F6174223A2230222C22637265617465645F6279223A2230222C22757064617465645F6174223A2230222C22757064617465645F6279223A2230227D2C7B227379735F7065726D697373696F6E5F6964223A2231303335222C227065726D697373696F6E5F6E616D65223A225C75353232305C75393636345C75376366625C75376564665C75373532385C7536323337222C227065726D697373696F6E5F636F6465223A2264656C222C227065726D697373696F6E5F74797065223A22616374696F6E222C227065726D697373696F6E5F64657363223A2264656C222C22737461747573223A2231222C227065726D697373696F6E5F76616C7565223A2231222C22706172656E745F6964223A2231303332222C22637265617465645F6174223A2230222C22637265617465645F6279223A2230222C22757064617465645F6174223A2230222C22757064617465645F6279223A2230227D2C7B227379735F7065726D697373696F6E5F6964223A2232303030222C227065726D697373696F6E5F6E616D65223A225C75353239665C75383066645C75376261315C7537343036222C227065726D697373696F6E5F636F6465223A226665617475726573222C227065726D697373696F6E5F74797065223A22636F6E74726F6C6C6572222C227065726D697373696F6E5F64657363223A225C75353239665C75383066645C75376261315C75373430365C75363361375C75353233365C7535363638222C22737461747573223A2231222C227065726D697373696F6E5F76616C7565223A2231222C22706172656E745F6964223A2230222C22637265617465645F6174223A2230222C22637265617465645F6279223A2230222C22757064617465645F6174223A2230222C22757064617465645F6279223A2230227D2C7B227379735F7065726D697373696F6E5F6964223A2232303130222C227065726D697373696F6E5F6E616D65223A225C75393565655C75353337375C75376261315C7537343036222C227065726D697373696F6E5F636F6465223A22222C227065726D697373696F6E5F74797065223A22222C227065726D697373696F6E5F64657363223A225C75346538635C75376561375C75383364635C75353335355C75346563355C75353035615C75363633655C7537393361222C22737461747573223A2231222C227065726D697373696F6E5F76616C7565223A2231222C22706172656E745F6964223A2232303030222C22637265617465645F6174223A2230222C22637265617465645F6279223A2230222C22757064617465645F6174223A2230222C22757064617465645F6279223A2230227D2C7B227379735F7065726D697373696F6E5F6964223A2232303230222C227065726D697373696F6E5F6E616D65223A225C75393565655C75353337375C75353231375C75383836385C75376261315C7537343036222C227065726D697373696F6E5F636F6465223A227175657374696F6E222C227065726D697373696F6E5F74797065223A2266756E6374696F6E222C227065726D697373696F6E5F64657363223A225C75393837355C7539373632222C22737461747573223A2231222C227065726D697373696F6E5F76616C7565223A2231222C22706172656E745F6964223A2232303130222C22637265617465645F6174223A2230222C22637265617465645F6279223A2230222C22757064617465645F6174223A2230222C22757064617465645F6279223A2230227D2C7B227379735F7065726D697373696F6E5F6964223A2232303231222C227065726D697373696F6E5F6E616D65223A225C75383362375C75353364365C75393565655C75353337375C75353231375C75383836385C75363537305C7536333665222C227065726D697373696F6E5F636F6465223A226765745F7175657374696F6E222C227065726D697373696F6E5F74797065223A2266756E6374696F6E222C227065726D697373696F6E5F64657363223A22676574222C22737461747573223A2231222C227065726D697373696F6E5F76616C7565223A2231222C22706172656E745F6964223A2232303230222C22637265617465645F6174223A2230222C22637265617465645F6279223A2230222C22757064617465645F6174223A2230222C22757064617465645F6279223A2230227D2C7B227379735F7065726D697373696F6E5F6964223A2232303232222C227065726D697373696F6E5F6E616D65223A225C75363463645C75346635635C75393565655C7535333737222C227065726D697373696F6E5F636F6465223A22736176655F7175657374696F6E222C227065726D697373696F6E5F74797065223A2266756E6374696F6E222C227065726D697373696F6E5F64657363223A22616374696F6E222C22737461747573223A2231222C227065726D697373696F6E5F76616C7565223A2231222C22706172656E745F6964223A2232303230222C22637265617465645F6174223A2230222C22637265617465645F6279223A2230222C22757064617465645F6174223A2230222C22757064617465645F6279223A2230227D2C7B227379735F7065726D697373696F6E5F6964223A2232303233222C227065726D697373696F6E5F6E616D65223A225C75363765355C75373730625C75393565655C75353337375C75363364305C75346561345C75376564665C7538626131222C227065726D697373696F6E5F636F6465223A226765745F7175657374696F6E5F64657461696C222C227065726D697373696F6E5F74797065223A2266756E6374696F6E222C227065726D697373696F6E5F64657363223A226765742064657461696C222C22737461747573223A2231222C227065726D697373696F6E5F76616C7565223A2231222C22706172656E745F6964223A2232303232222C22637265617465645F6174223A2230222C22637265617465645F6279223A2230222C22757064617465645F6174223A2230222C22757064617465645F6279223A2230227D2C7B227379735F7065726D697373696F6E5F6964223A2232303234222C227065726D697373696F6E5F6E616D65223A225C75363562305C75353839655C75393565655C7535333737222C227065726D697373696F6E5F636F6465223A22616464222C227065726D697373696F6E5F74797065223A22616374696F6E222C227065726D697373696F6E5F64657363223A22616464222C22737461747573223A2231222C227065726D697373696F6E5F76616C7565223A2231222C22706172656E745F6964223A2232303232222C22637265617465645F6174223A2230222C22637265617465645F6279223A2230222C22757064617465645F6174223A2230222C22757064617465645F6279223A2230227D2C7B227379735F7065726D697373696F6E5F6964223A2232303235222C227065726D697373696F6E5F6E616D65223A225C75346665655C75363533395C75393565655C7535333737222C227065726D697373696F6E5F636F6465223A2265646974222C227065726D697373696F6E5F74797065223A22616374696F6E222C227065726D697373696F6E5F64657363223A2265646974222C22737461747573223A2231222C227065726D697373696F6E5F76616C7565223A2231222C22706172656E745F6964223A2232303232222C22637265617465645F6174223A2230222C22637265617465645F6279223A2230222C22757064617465645F6174223A2230222C22757064617465645F6279223A2230227D2C7B227379735F7065726D697373696F6E5F6964223A2232303236222C227065726D697373696F6E5F6E616D65223A225C75353232305C75393636345C75393565655C7535333737222C227065726D697373696F6E5F636F6465223A2264656C222C227065726D697373696F6E5F74797065223A22616374696F6E222C227065726D697373696F6E5F64657363223A2264656C222C22737461747573223A2231222C227065726D697373696F6E5F76616C7565223A2231222C22706172656E745F6964223A2232303232222C22637265617465645F6174223A2230222C22637265617465645F6279223A2230222C22757064617465645F6174223A2230222C22757064617465645F6279223A2230227D2C7B227379735F7065726D697373696F6E5F6964223A2232303330222C227065726D697373696F6E5F6E616D65223A225C75393565655C75353337375C75363364305C75346561345C75353231375C75383836385C75376261315C7537343036222C227065726D697373696F6E5F636F6465223A227175657374696F6E5F636F6C6C656374222C227065726D697373696F6E5F74797065223A2266756E6374696F6E222C227065726D697373696F6E5F64657363223A225C75393837355C7539373632222C22737461747573223A2231222C227065726D697373696F6E5F76616C7565223A2231222C22706172656E745F6964223A2232303130222C22637265617465645F6174223A2230222C22637265617465645F6279223A2230222C22757064617465645F6174223A2230222C22757064617465645F6279223A2230227D2C7B227379735F7065726D697373696F6E5F6964223A2232303331222C227065726D697373696F6E5F6E616D65223A225C75383362375C75353364365C75393565655C75353337375C75363364305C75346561345C75353231375C75383836385C75363537305C7536333665222C227065726D697373696F6E5F636F6465223A226765745F7175657374696F6E5F636F6C6C656374222C227065726D697373696F6E5F74797065223A2266756E6374696F6E222C227065726D697373696F6E5F64657363223A22676574222C22737461747573223A2231222C227065726D697373696F6E5F76616C7565223A2231222C22706172656E745F6964223A2232303330222C22637265617465645F6174223A2230222C22637265617465645F6279223A2230222C22757064617465645F6174223A2230222C22757064617465645F6279223A2230227D2C7B227379735F7065726D697373696F6E5F6964223A2232303332222C227065726D697373696F6E5F6E616D65223A225C75363463645C75346635635C75393565655C75353337375C75363364305C7534656134222C227065726D697373696F6E5F636F6465223A22736176655F7175657374696F6E5F636F6C6C656374222C227065726D697373696F6E5F74797065223A2266756E6374696F6E222C227065726D697373696F6E5F64657363223A22616374696F6E222C22737461747573223A2231222C227065726D697373696F6E5F76616C7565223A2231222C22706172656E745F6964223A2232303330222C22637265617465645F6174223A2230222C22637265617465645F6279223A2230222C22757064617465645F6174223A2230222C22757064617465645F6279223A2230227D2C7B227379735F7065726D697373696F6E5F6964223A2232303333222C227065726D697373696F6E5F6E616D65223A225C75363765355C75373730625C75393565655C75353337375C75363364305C75346561345C75386265365C7536306335222C227065726D697373696F6E5F636F6465223A226765745F7175657374696F6E5F64657461696C5F616E645F7175657374696F6E5F636F6C6C6563745F64657461696C222C227065726D697373696F6E5F74797065223A2266756E6374696F6E222C227065726D697373696F6E5F64657363223A226765742064657461696C222C22737461747573223A2231222C227065726D697373696F6E5F76616C7565223A2231222C22706172656E745F6964223A2232303332222C22637265617465645F6174223A2230222C22637265617465645F6279223A2230222C22757064617465645F6174223A2230222C22757064617465645F6279223A2230227D2C7B227379735F7065726D697373696F6E5F6964223A2232303334222C227065726D697373696F6E5F6E616D65223A225C75353232305C75393636345C75393565655C75353337375C75363364305C7534656134222C227065726D697373696F6E5F636F6465223A2264656C222C227065726D697373696F6E5F74797065223A22616374696F6E222C227065726D697373696F6E5F64657363223A2264656C222C22737461747573223A2231222C227065726D697373696F6E5F76616C7565223A2231222C22706172656E745F6964223A2232303332222C22637265617465645F6174223A2230222C22637265617465645F6279223A2230222C22757064617465645F6174223A2230222C22757064617465645F6279223A2230227D5D223B);
INSERT INTO `q_sessions` VALUES ('5l73tbear434hd870l5bues667jk1ssg', '127.0.0.1', 1566820768, 0x5F5F63695F6C6173745F726567656E65726174657C693A313536363832303735373B);
INSERT INTO `q_sessions` VALUES ('f0q0pqvu93fl97rqdun4c55ngcl064e7', '127.0.0.1', 1566893586, 0x5F5F63695F6C6173745F726567656E65726174657C693A313536363839333538353B);
INSERT INTO `q_sessions` VALUES ('e2h4poac2l91399f90qvqjm1r2fr8750', '10.0.208.64', 1567469814, 0x5F5F63695F6C6173745F726567656E65726174657C693A313536373436393737303B);
INSERT INTO `q_sessions` VALUES ('2ac4i601diqbepsupd96aa9qsrut941o', '127.0.0.1', 1569398680, 0x5F5F63695F6C6173745F726567656E65726174657C693A313536393339383630333B);

-- ----------------------------
-- Table structure for q_status
-- ----------------------------
DROP TABLE IF EXISTS `q_status`;
CREATE TABLE `q_status`  (
  `status_id` int(11) UNSIGNED NOT NULL AUTO_INCREMENT,
  `status_name` varchar(200) CHARACTER SET utf8 COLLATE utf8_general_ci NOT NULL,
  `status_value` varchar(20) CHARACTER SET utf8 COLLATE utf8_general_ci NOT NULL,
  `status_code` varchar(200) CHARACTER SET utf8 COLLATE utf8_general_ci NOT NULL,
  `created_at` int(11) NULL DEFAULT NULL,
  `updated_at` int(11) NULL DEFAULT NULL,
  PRIMARY KEY (`status_id`) USING BTREE
) ENGINE = InnoDB AUTO_INCREMENT = 2 CHARACTER SET = utf8 COLLATE = utf8_general_ci ROW_FORMAT = Dynamic;

-- ----------------------------
-- Records of q_status
-- ----------------------------
INSERT INTO `q_status` VALUES (1, '关闭', '0', 'status_base', 1, 1);
INSERT INTO `q_status` VALUES (2, '开启', '1', 'status_base', 1, 1);

-- ----------------------------
-- Table structure for q_sys_menu
-- ----------------------------
DROP TABLE IF EXISTS `q_sys_menu`;
CREATE TABLE `q_sys_menu`  (
  `sys_menu_id` int(11) UNSIGNED NOT NULL AUTO_INCREMENT,
  `menu_name` varchar(200) CHARACTER SET utf8 COLLATE utf8_general_ci NOT NULL,
  `icon` varchar(200) CHARACTER SET utf8 COLLATE utf8_general_ci NULL DEFAULT NULL,
  `src` varchar(100) CHARACTER SET utf8 COLLATE utf8_general_ci NULL DEFAULT NULL,
  `active` varchar(20) CHARACTER SET utf8 COLLATE utf8_general_ci NULL DEFAULT NULL,
  `status` varchar(20) CHARACTER SET utf8 COLLATE utf8_general_ci NOT NULL,
  `parent_id` int(11) NOT NULL,
  `menu_seq` int(11) NULL DEFAULT NULL,
  `created_at` int(11) NULL DEFAULT NULL,
  `created_by` int(11) NULL DEFAULT NULL,
  `updated_at` int(11) NULL DEFAULT NULL,
  `updated_by` int(11) NULL DEFAULT NULL,
  PRIMARY KEY (`sys_menu_id`) USING BTREE
) ENGINE = InnoDB AUTO_INCREMENT = 203 CHARACTER SET = utf8 COLLATE = utf8_general_ci ROW_FORMAT = Dynamic;

-- ----------------------------
-- Records of q_sys_menu
-- ----------------------------
INSERT INTO `q_sys_menu` VALUES (100, '系统管理', 'fa-tachometer-alt', '', '1', '1', 0, 1, NULL, NULL, NULL, NULL);
INSERT INTO `q_sys_menu` VALUES (101, '系统角色', '', 'admin/system/sys_role', '', '1', 100, NULL, NULL, NULL, NULL, NULL);
INSERT INTO `q_sys_menu` VALUES (102, '系统用户', '', 'admin/system/sys_user', '', '1', 100, NULL, NULL, NULL, NULL, NULL);
INSERT INTO `q_sys_menu` VALUES (200, '功能管理', 'fa-sun', '', '1', '1', 0, 2, NULL, NULL, NULL, NULL);
INSERT INTO `q_sys_menu` VALUES (201, '问卷', '', '', '1', '1', 200, NULL, NULL, NULL, NULL, NULL);
INSERT INTO `q_sys_menu` VALUES (202, '问卷列表', NULL, 'admin/features/question', NULL, '1', 201, NULL, NULL, NULL, NULL, NULL);
INSERT INTO `q_sys_menu` VALUES (203, '问卷提交列表', NULL, 'admin/features/question_collect', NULL, '1', 201, NULL, NULL, NULL, NULL, NULL);

-- ----------------------------
-- Table structure for q_sys_permission
-- ----------------------------
DROP TABLE IF EXISTS `q_sys_permission`;
CREATE TABLE `q_sys_permission`  (
  `sys_permission_id` int(11) UNSIGNED NOT NULL AUTO_INCREMENT COMMENT '// id',
  `permission_name` varchar(200) CHARACTER SET utf8 COLLATE utf8_general_ci NOT NULL COMMENT '// 权限名称',
  `permission_code` varchar(255) CHARACTER SET utf8 COLLATE utf8_general_ci NOT NULL COMMENT '// 权限code',
  `permission_type` varchar(255) CHARACTER SET utf8 COLLATE utf8_general_ci NOT NULL COMMENT '// 权限类型：Controllerfunctionaction',
  `permission_desc` varchar(1024) CHARACTER SET utf8 COLLATE utf8_general_ci NOT NULL COMMENT '// 权限描述',
  `status` int(11) NOT NULL COMMENT '// 预留字段',
  `permission_value` int(11) NOT NULL DEFAULT 0 COMMENT '// 1为需要验证此权限，其他值一律不验证',
  `parent_id` int(11) NOT NULL DEFAULT 0 COMMENT '// 父id',
  `created_at` int(11) NULL DEFAULT 0 COMMENT '//创建时间',
  `created_by` int(11) NULL DEFAULT 0,
  `updated_at` int(11) NULL DEFAULT 0,
  `updated_by` int(11) NULL DEFAULT 0,
  PRIMARY KEY (`sys_permission_id`) USING BTREE
) ENGINE = InnoDB AUTO_INCREMENT = 2034 CHARACTER SET = utf8 COLLATE = utf8_general_ci ROW_FORMAT = Dynamic;

-- ----------------------------
-- Records of q_sys_permission
-- ----------------------------
INSERT INTO `q_sys_permission` VALUES (1, 'Admin', 'admin', 'controller', 'admin controller', 1, 1, 0, 0, 0, 0, 0);
INSERT INTO `q_sys_permission` VALUES (1000, '系统管理', 'system', 'controller', '系统管理控制器', 1, 1, 0, 0, 0, 0, 0);
INSERT INTO `q_sys_permission` VALUES (1020, '系统角色管理', 'sys_role', 'function', '页面', 1, 1, 1000, 0, 0, 0, 0);
INSERT INTO `q_sys_permission` VALUES (1021, '获取系统角色列表数据', 'get_sys_role', 'function', 'get', 1, 1, 1020, 0, 0, 0, 0);
INSERT INTO `q_sys_permission` VALUES (1022, '操作系统角色', 'save_sys_role', 'function', 'action', 1, 1, 1020, 0, 0, 0, 0);
INSERT INTO `q_sys_permission` VALUES (1023, '新增系统角色', 'add', 'action', 'add', 1, 1, 1022, 0, 0, 0, 0);
INSERT INTO `q_sys_permission` VALUES (1024, '修改系统角色', 'edit', 'action', 'edit', 1, 1, 1022, 0, 0, 0, 0);
INSERT INTO `q_sys_permission` VALUES (1025, '删除系统角色', 'del', 'action', 'del', 1, 1, 1022, 0, 0, 0, 0);
INSERT INTO `q_sys_permission` VALUES (1030, '系统用户管理', 'sys_user', 'function', '页面', 1, 1, 1000, 0, 0, 0, 0);
INSERT INTO `q_sys_permission` VALUES (1031, '获取系统用户列表数据', 'get_sys_user', 'function', 'get', 1, 1, 1030, 0, 0, 0, 0);
INSERT INTO `q_sys_permission` VALUES (1032, '操作系统用户', 'save_sys_user', 'function', 'action', 1, 1, 1030, 0, 0, 0, 0);
INSERT INTO `q_sys_permission` VALUES (1033, '新增系统用户', 'add', 'action', 'add', 1, 1, 1032, 0, 0, 0, 0);
INSERT INTO `q_sys_permission` VALUES (1034, '修改系统用户', 'edit', 'action', 'edit', 1, 1, 1032, 0, 0, 0, 0);
INSERT INTO `q_sys_permission` VALUES (1035, '删除系统用户', 'del', 'action', 'del', 1, 1, 1032, 0, 0, 0, 0);
INSERT INTO `q_sys_permission` VALUES (2000, '功能管理', 'features', 'controller', '功能管理控制器', 1, 1, 0, 0, 0, 0, 0);
INSERT INTO `q_sys_permission` VALUES (2010, '问卷管理', '', '', '二级菜单仅做显示', 1, 1, 2000, 0, 0, 0, 0);
INSERT INTO `q_sys_permission` VALUES (2020, '问卷列表管理', 'question', 'function', '页面', 1, 1, 2010, 0, 0, 0, 0);
INSERT INTO `q_sys_permission` VALUES (2021, '获取问卷列表数据', 'get_question', 'function', 'get', 1, 1, 2020, 0, 0, 0, 0);
INSERT INTO `q_sys_permission` VALUES (2022, '操作问卷', 'save_question', 'function', 'action', 1, 1, 2020, 0, 0, 0, 0);
INSERT INTO `q_sys_permission` VALUES (2023, '查看问卷提交统计', 'get_question_detail', 'function', 'get detail', 1, 1, 2022, 0, 0, 0, 0);
INSERT INTO `q_sys_permission` VALUES (2024, '新增问卷', 'add', 'action', 'add', 1, 1, 2022, 0, 0, 0, 0);
INSERT INTO `q_sys_permission` VALUES (2025, '修改问卷', 'edit', 'action', 'edit', 1, 1, 2022, 0, 0, 0, 0);
INSERT INTO `q_sys_permission` VALUES (2026, '删除问卷', 'del', 'action', 'del', 1, 1, 2022, 0, 0, 0, 0);
INSERT INTO `q_sys_permission` VALUES (2030, '问卷提交列表管理', 'question_collect', 'function', '页面', 1, 1, 2010, 0, 0, 0, 0);
INSERT INTO `q_sys_permission` VALUES (2031, '获取问卷提交列表数据', 'get_question_collect', 'function', 'get', 1, 1, 2030, 0, 0, 0, 0);
INSERT INTO `q_sys_permission` VALUES (2032, '操作问卷提交', 'save_question_collect', 'function', 'action', 1, 1, 2030, 0, 0, 0, 0);
INSERT INTO `q_sys_permission` VALUES (2033, '查看问卷提交详情', 'get_question_detail_and_question_collect_detail', 'function', 'get detail', 1, 1, 2032, 0, 0, 0, 0);
INSERT INTO `q_sys_permission` VALUES (2034, '删除问卷提交', 'del', 'action', 'del', 1, 1, 2032, 0, 0, 0, 0);

-- ----------------------------
-- Table structure for q_sys_role
-- ----------------------------
DROP TABLE IF EXISTS `q_sys_role`;
CREATE TABLE `q_sys_role`  (
  `sys_role_id` int(11) UNSIGNED NOT NULL AUTO_INCREMENT,
  `role_name` varchar(200) CHARACTER SET utf8 COLLATE utf8_general_ci NOT NULL,
  `role_desc` varchar(200) CHARACTER SET utf8 COLLATE utf8_general_ci NULL DEFAULT NULL,
  `sys_menu_ids` varchar(1024) CHARACTER SET utf8 COLLATE utf8_general_ci NOT NULL,
  `sys_permission_ids` varchar(1024) CHARACTER SET utf8 COLLATE utf8_general_ci NOT NULL,
  `created_at` int(11) NULL DEFAULT NULL,
  `created_by` int(11) NULL DEFAULT NULL,
  `updated_at` int(11) NULL DEFAULT NULL,
  `updated_by` int(11) NULL DEFAULT NULL,
  PRIMARY KEY (`sys_role_id`) USING BTREE
) ENGINE = InnoDB AUTO_INCREMENT = 2 CHARACTER SET = utf8 COLLATE = utf8_general_ci ROW_FORMAT = Dynamic;

-- ----------------------------
-- Records of q_sys_role
-- ----------------------------
INSERT INTO `q_sys_role` VALUES (1, '系统管理员', '拥有所有权限', '100,101,102,200,201,202,203', '1000,1020,1021,1022,1023,1024,1025,1030,1031,1032,1033,1034,1035,2000,2010,2020,2021,2022,2023,2024,2025,2026,2030,2031,2032,2033,2034', 1521793292, 1, 1521881712, 1);
INSERT INTO `q_sys_role` VALUES (2, '问卷管理员', '问卷管理员', '200,201,202,203', '2000,2010,2020,2021,2022,2023,2024,2025,2026,2030,2031,2032,2033,2034', 1521881008, 1, 1522070744, 1);

-- ----------------------------
-- Table structure for q_sys_user
-- ----------------------------
DROP TABLE IF EXISTS `q_sys_user`;
CREATE TABLE `q_sys_user`  (
  `sys_user_id` int(11) UNSIGNED NOT NULL AUTO_INCREMENT,
  `user_name` varchar(100) CHARACTER SET utf8 COLLATE utf8_general_ci NOT NULL,
  `password` char(40) CHARACTER SET utf8 COLLATE utf8_general_ci NOT NULL,
  `sys_role_id` int(11) NOT NULL DEFAULT 0,
  `status` tinyint(1) NOT NULL,
  `created_at` int(11) NULL DEFAULT NULL,
  `updated_at` int(11) NULL DEFAULT NULL,
  `created_by` int(11) NULL DEFAULT NULL,
  `updated_by` int(11) NULL DEFAULT NULL,
  PRIMARY KEY (`sys_user_id`) USING BTREE
) ENGINE = InnoDB AUTO_INCREMENT = 2 CHARACTER SET = utf8 COLLATE = utf8_general_ci ROW_FORMAT = Dynamic;

-- ----------------------------
-- Records of q_sys_user
-- ----------------------------
INSERT INTO `q_sys_user` VALUES (1, 'admin', '36a5161637b0a64a618483267804316266eb4ed3', 1, 1, 1, 1522070740, 1, 1);
INSERT INTO `q_sys_user` VALUES (2, 'vote', '36a5161637b0a64a618483267804316266eb4ed3', 2, 1, 1521720696, 1521901915, 1, 1);

SET FOREIGN_KEY_CHECKS = 1;
